food,unit,kcal,protein,carb,fat,source
吐司,片,70.0,2.3,13.1,0.9,
雞蛋,顆,70.0,6.3,0.6,4.8,
牛奶,杯,150.0,8.0,12.0,8.0,
雞胸肉,g,1.6,0.31,0.0,0.04,
白飯,g,1.1,0.02,0.25,0.0,
白飯,碗,280.0,4.0,60.0,1.0,
DHA豆奶,100 g,44.0,1.7,8.0,0.5,TFDA
七味唐辛子,100 g,463.0,15.8,45.8,24.1,TFDA
七股香洋香瓜,100 g,40.0,0.6,10.5,0.1,TFDA
三合一麥片(野菜蘑菇),100 g,399.0,6.8,72.7,9.0,TFDA
三節翅(土雞),100 g,198.0,19.0,0.0,13.0,TFDA
三節翅(肉雞),100 g,222.0,17.7,0.0,16.3,TFDA
三節翅平均值,100 g,210.0,18.3,0.0,14.6,TFDA
三線磯鱸,100 g,130.0,19.0,0.6,5.4,TFDA
三角飯糰(肉鬆),100 g,219.0,5.8,36.6,5.5,TFDA
不結球萵苣平均值,100 g,16.0,1.1,2.8,0.3,TFDA
世紀芭樂,100 g,40.0,0.7,10.3,0.1,TFDA
中國對蝦,100 g,84.0,19.3,1.0,0.2,TFDA
中筋麵粉,100 g,361.0,11.5,74.1,1.3,TFDA
中脂人造奶油,100 g,674.0,0.0,1.3,76.2,TFDA
中脂保久乳,100 g,48.0,3.2,4.8,1.8,TFDA
中脂凝態發酵乳(草莓),100 g,102.0,3.7,15.7,2.7,TFDA
中脂凝態發酵乳(蘆薈),100 g,90.0,1.7,15.1,2.5,TFDA
中脂強化鮮乳(脂肪酸調整),100 g,59.0,2.0,8.6,2.0,TFDA
中脂濃稠發酵乳,100 g,82.0,2.9,12.6,2.3,TFDA
中脂濃稠發酵乳(無糖&纖維強化),100 g,74.0,3.2,10.4,2.2,TFDA
中脂濃稠發酵乳(草莓),100 g,89.0,3.1,13.0,2.7,TFDA
中脂調味乳(多穀類),100 g,67.0,2.4,7.6,3.1,TFDA
中脂調味乳(巧克力),100 g,63.0,1.9,9.2,2.0,TFDA
中脂調味乳(果汁),100 g,54.0,1.6,8.4,1.6,TFDA
中脂調味乳(維生素強化),100 g,60.0,2.0,8.6,1.9,TFDA
中脂調味乳(纖維&維生素E強化),100 g,66.0,2.4,9.3,2.1,TFDA
中脂調味乳(鈣強化),100 g,68.0,2.3,8.9,2.6,TFDA
中脂調味保久乳(巧克力),100 g,60.0,1.9,9.3,1.7,TFDA
中脂調味保久乳(布丁),100 g,61.0,1.6,9.8,1.7,TFDA
中脂調味保久羊乳(巧克力),100 g,59.0,1.1,10.3,1.5,TFDA
中脂調味保久羊乳(果汁),100 g,75.0,2.9,9.5,2.8,TFDA
中脂鮮乳,100 g,48.0,3.1,4.8,1.9,TFDA
中脂鮮羊乳,100 g,48.0,2.7,3.9,2.4,TFDA
中鏈脂肪酸油,100 g,883.0,0.0,0.0,99.9,TFDA
九孔螺,100 g,73.0,15.0,5.8,1.0,TFDA
九層塔,100 g,27.0,2.9,4.4,0.3,TFDA
乳酪蛋糕,100 g,296.0,7.0,19.1,21.3,TFDA
乳酸球,100 g,474.0,3.8,66.1,21.7,TFDA
乳酸飲料,100 g,45.0,0.2,11.0,0.0,TFDA
乾姬松茸,100 g,294.0,34.0,46.7,2.7,TFDA
乾川耳,100 g,336.0,9.0,79.4,0.3,TFDA
乾木耳(紅耳仔),100 g,329.0,6.1,79.8,0.2,TFDA
乾木耳(黑耳仔),100 g,338.0,21.4,69.6,1.2,TFDA
乾木耳平均值,100 g,333.0,13.8,74.7,0.7,TFDA
乾柳松菇,100 g,286.0,23.5,53.5,1.9,TFDA
乾海帶,100 g,220.0,10.0,47.3,1.1,TFDA
乾海茸芯,100 g,254.0,8.4,59.1,0.2,TFDA
乾猴頭菇,100 g,311.0,12.3,64.3,3.4,TFDA
乾玉米粒,100 g,373.0,10.9,72.2,3.9,TFDA
乾白花菇,100 g,310.0,18.7,64.5,1.1,TFDA
乾百合鱗片,100 g,304.0,11.8,68.4,0.7,TFDA
乾竹笙,100 g,312.0,17.5,64.1,2.0,TFDA
乾花菇,100 g,317.0,17.0,67.4,1.1,TFDA
乾裙帶菜,100 g,225.0,22.9,40.8,0.7,TFDA
乾裙帶菜根,100 g,201.0,6.2,46.1,0.6,TFDA
乾酪粉,100 g,480.0,40.4,3.1,34.0,TFDA
乾鈕釦菇,100 g,325.0,24.6,60.9,2.7,TFDA
乾銀耳,100 g,310.0,9.3,70.8,1.2,TFDA
乾長辣椒(紅皮),100 g,382.0,19.9,47.6,17.2,TFDA
乾香菇,100 g,333.0,23.3,66.6,1.4,TFDA
乾香菇平均值,100 g,321.0,20.9,64.9,1.6,TFDA
乾麒麟菜,100 g,189.0,1.2,46.7,0.5,TFDA
乾麵條,100 g,350.0,11.6,72.5,1.5,TFDA
二節翅(土雞),100 g,228.0,19.8,0.0,15.9,TFDA
二節翅(肉雞),100 g,223.0,16.4,0.6,17.0,TFDA
二節翅平均值,100 g,226.0,18.1,0.0,16.4,TFDA
五味醬,100 g,140.0,1.3,31.9,0.8,TFDA
五穀米,100 g,358.0,8.7,72.9,2.9,TFDA
五香粉,100 g,363.0,8.7,68.1,8.9,TFDA
五香豆干,100 g,197.0,19.3,6.2,10.6,TFDA
亞麻仁油,100 g,820.0,0.2,6.9,92.8,TFDA
亞麻仁籽,100 g,524.0,20.8,28.1,40.3,TFDA
亞麻仁籽粉,100 g,557.0,21.7,28.6,43.6,TFDA
人心果,100 g,83.0,0.6,20.5,0.8,TFDA
人造奶油(2021年取樣),100 g,722.0,0.1,1.7,81.7,TFDA
人造奶油(低熱量),100 g,94.0,2.5,29.6,10.6,TFDA
人造奶油(維生素強化),100 g,725.0,0.1,0.0,82.0,TFDA
仙草凍,100 g,19.0,0.9,3.7,0.1,TFDA
仙草凍(2020取樣),100 g,19.0,0.3,4.1,0.2,TFDA
仙草蜜,100 g,35.0,0.0,8.8,0.0,TFDA
仿刺參,100 g,36.0,8.2,0.8,0.1,TFDA
佃煮黑豆,100 g,271.0,10.5,43.5,6.2,TFDA
低眼無齒芒魚片(芒加魚邊),100 g,76.0,14.2,0.0,1.7,TFDA
低筋麵粉,100 g,364.0,8.1,78.2,1.2,TFDA
低脂強化保久乳(寡糖強化),100 g,46.0,3.2,6.0,1.0,TFDA
低脂強化鮮乳(寡醣強化),100 g,46.0,3.1,5.5,1.3,TFDA
低脂強化鮮乳(維生素E強化),100 g,41.0,3.0,4.2,1.3,TFDA
低脂濃稠發酵乳,100 g,73.0,2.3,13.6,1.1,TFDA
低脂調味乳(木瓜),100 g,61.0,1.8,10.5,1.3,TFDA
低脂高湯,100 g,2.0,0.3,0.3,0.0,TFDA
低脂鮮乳,100 g,43.0,3.3,5.0,1.1,TFDA
低鈉鹽,100 g,11.0,0.0,2.8,0.0,TFDA
保久米漿,100 g,62.0,1.0,11.3,1.5,TFDA
保久羊乳,100 g,59.0,3.0,4.5,3.3,TFDA
假人蔘,100 g,32.0,1.6,2.2,2.2,TFDA
傳統豆腐,100 g,88.0,8.5,6.0,3.4,TFDA
傳統豆腐(2022年取樣),100 g,96.0,9.6,1.9,5.5,TFDA
傳統豆花(未加糖),100 g,39.0,3.2,2.1,1.9,TFDA
僧帽肌,100 g,209.0,20.4,0.0,13.5,TFDA
克氏兔頭魨,100 g,77.0,17.8,0.0,0.1,TFDA
免煮飯,100 g,168.0,3.2,37.1,0.3,TFDA
全脂保久乳,100 g,62.0,3.0,5.1,3.4,TFDA
全脂凝態發酵乳,100 g,97.0,3.1,13.6,3.3,TFDA
全脂奶粉,100 g,504.0,26.4,37.0,28.2,TFDA
全脂強化奶粉(纖維強化),100 g,500.0,25.6,39.5,27.0,TFDA
全脂濃稠發酵乳,100 g,90.0,4.1,11.3,3.2,TFDA
全脂羊奶粉,100 g,510.0,26.7,34.8,29.8,TFDA
全脂羊奶粉(即溶),100 g,517.0,25.9,35.1,30.8,TFDA
全脂鮮乳(10月取樣),100 g,64.0,3.0,4.8,3.7,TFDA
全脂鮮乳(11月取樣),100 g,62.0,3.1,4.6,3.5,TFDA
全脂鮮乳(12月取樣),100 g,64.0,3.2,5.2,3.4,TFDA
全脂鮮乳(1月取樣),100 g,62.0,2.9,4.7,3.6,TFDA
全脂鮮乳(4月取樣),100 g,62.0,2.9,4.6,3.6,TFDA
全脂鮮乳(6月取樣),100 g,63.0,3.2,4.6,3.6,TFDA
全脂鮮乳(7月取樣),100 g,65.0,3.7,4.2,3.7,TFDA
全脂鮮乳(9月取樣),100 g,64.0,2.8,5.3,3.6,TFDA
全脂鮮乳平均值,100 g,63.0,3.1,4.8,3.6,TFDA
全麥麵粉,100 g,359.0,13.0,71.4,1.7,TFDA
八角,100 g,360.0,4.9,76.2,3.9,TFDA
冬瓜,100 g,13.0,0.4,2.7,0.1,TFDA
冬瓜(2022年取樣),100 g,21.0,0.4,5.1,0.0,TFDA
冬瓜平均值,100 g,11.0,0.4,2.4,0.1,TFDA
冬瓜糖磚,100 g,360.0,,93.1,,TFDA
冬瓜茶,100 g,33.0,0.0,8.3,,TFDA
冬粉,100 g,351.0,0.1,87.5,0.1,TFDA
冰淇淋粉(香草),100 g,430.0,15.9,65.3,11.7,TFDA
冰糖,100 g,387.0,,99.9,,TFDA
冰花,100 g,7.0,0.8,1.0,0.1,TFDA
"冷凍,水晶餃",100 g,190.0,2.8,36.8,3.5,TFDA
冷凍冬菜蝦仁餛飩,100 g,191.0,9.1,24.5,6.3,TFDA
冷凍叉燒包,100 g,266.0,8.8,47.0,4.8,TFDA
冷凍叉燒包子,100 g,267.0,7.1,46.0,6.1,TFDA
冷凍可樂餅(奶汁),100 g,114.0,3.6,19.8,2.3,TFDA
冷凍咕咾肉,100 g,184.0,6.4,18.3,9.5,TFDA
冷凍小香腸,100 g,249.0,14.8,7.4,17.8,TFDA
冷凍帶殼花生(熟),100 g,344.0,17.2,13.3,27.4,TFDA
冷凍干貝酥,100 g,146.0,8.3,27.7,0.2,TFDA
冷凍披薩(黑胡椒火腿),100 g,210.0,9.3,27.7,6.9,TFDA
冷凍文蛤丸,100 g,211.0,16.2,15.8,9.2,TFDA
冷凍旗魚丸,100 g,160.0,12.8,12.0,6.7,TFDA
冷凍旗魚塊,100 g,178.0,15.3,14.7,6.5,TFDA
冷凍春捲,100 g,272.0,5.1,31.5,13.9,TFDA
冷凍木耳,100 g,51.0,0.9,12.4,0.1,TFDA
冷凍毛豆仁,100 g,135.0,12.5,9.8,6.1,TFDA
冷凍水晶包,100 g,211.0,4.8,30.4,7.8,TFDA
冷凍洋菇,100 g,39.0,3.8,4.3,1.5,TFDA
冷凍洋蔥圈,100 g,281.0,4.0,41.4,11.0,TFDA
冷凍火腿炒飯,100 g,189.0,5.0,29.7,5.6,TFDA
冷凍烏龍麵,100 g,129.0,3.4,28.2,0.3,TFDA
冷凍烤雞翅,100 g,217.0,18.8,3.6,14.2,TFDA
冷凍燒賣,100 g,188.0,9.9,15.3,9.7,TFDA
冷凍燕餃,100 g,321.0,12.8,14.5,23.6,TFDA
冷凍牛肉包子,100 g,269.0,10.8,46.1,4.6,TFDA
冷凍牛肉水餃,100 g,215.0,8.9,23.1,9.7,TFDA
冷凍牛肉漢堡肉,100 g,249.0,14.4,6.3,18.5,TFDA
冷凍玉米粒,100 g,174.0,3.1,22.5,8.2,TFDA
冷凍珍珠丸,100 g,225.0,9.5,20.9,11.5,TFDA
冷凍甘薯條,100 g,182.0,1.8,29.0,6.5,TFDA
冷凍甘藍,100 g,20.0,1.3,4.2,0.1,TFDA
冷凍白饅頭,100 g,279.0,7.4,57.0,2.4,TFDA
冷凍筒仔米糕,100 g,212.0,6.5,33.6,5.8,TFDA
冷凍素菜包子,100 g,234.0,8.6,41.4,3.8,TFDA
冷凍素雞塊,100 g,206.0,14.2,19.0,8.1,TFDA
冷凍素食水餃,100 g,175.0,8.7,25.8,4.1,TFDA
冷凍素食熟水餃,100 g,209.0,7.2,32.9,5.4,TFDA
冷凍胡蘿蔔,100 g,13.0,0.5,3.0,0.1,TFDA
冷凍芋泥包,100 g,263.0,6.6,51.1,3.6,TFDA
冷凍芋頭塊,100 g,147.0,2.2,24.9,4.3,TFDA
冷凍芝麻包,100 g,341.0,7.2,51.7,11.7,TFDA
冷凍芝麻湯圓,100 g,352.0,4.8,46.7,16.3,TFDA
冷凍花枝丸,100 g,166.0,12.7,13.0,7.0,TFDA
冷凍花枝塊,100 g,180.0,11.3,17.0,7.5,TFDA
冷凍花枝排,100 g,187.0,5.5,24.9,7.3,TFDA
冷凍花枝漿,100 g,227.0,11.2,17.1,12.6,TFDA
冷凍花枝羹,100 g,126.0,11.4,9.4,4.7,TFDA
冷凍花枝餃,100 g,177.0,12.4,19.2,5.6,TFDA
冷凍花椰菜,100 g,21.0,1.3,4.5,0.1,TFDA
冷凍花生湯圓,100 g,350.0,5.2,47.1,15.6,TFDA
冷凍荔枝,100 g,28.0,0.4,7.2,0.1,TFDA
冷凍菜肉餛飩,100 g,236.0,9.1,13.3,16.3,TFDA
冷凍菜豆(莢),100 g,57.0,3.4,10.8,0.1,TFDA
冷凍菠菜,100 g,17.0,2.1,2.9,0.0,TFDA
冷凍蓮蓉包,100 g,292.0,7.9,52.8,5.5,TFDA
冷凍蔥油餅,100 g,258.0,9.1,48.5,3.1,TFDA
冷凍虱目魚丸,100 g,206.0,13.7,11.0,11.9,TFDA
冷凍蚵捲,100 g,213.0,6.9,7.0,17.5,TFDA
冷凍蛋餃,100 g,183.0,12.1,2.1,14.1,TFDA
冷凍蛋餅皮,100 g,231.0,5.7,43.7,3.7,TFDA
冷凍蝦丸,100 g,123.0,10.8,14.7,2.3,TFDA
冷凍蝦仁炒飯,100 g,148.0,4.7,24.6,3.4,TFDA
冷凍蝦捲,100 g,156.0,10.3,16.0,5.7,TFDA
冷凍蝦餃,100 g,273.0,11.4,13.5,19.3,TFDA
冷凍蝦餅,100 g,127.0,9.6,17.3,2.1,TFDA
冷凍蟹味棒,100 g,118.0,9.3,18.6,0.7,TFDA
冷凍豆沙包,100 g,247.0,7.4,51.8,1.1,TFDA
冷凍豆腐,100 g,131.0,12.9,3.9,7.1,TFDA
冷凍豌豆仁,100 g,96.0,6.1,17.1,0.6,TFDA
冷凍豬肉包子,100 g,266.0,7.6,38.2,9.2,TFDA
冷凍豬肉水餃,100 g,208.0,8.1,22.1,9.7,TFDA
冷凍豬肉湯包,100 g,235.0,10.1,16.3,14.3,TFDA
冷凍豬肉湯圓,100 g,281.0,6.5,36.6,12.1,TFDA
冷凍豬肉熟水餃,100 g,235.0,7.2,28.9,10.1,TFDA
冷凍豬肉蟹黃水餃,100 g,223.0,7.8,26.0,9.8,TFDA
冷凍豬肉韭菜水餃,100 g,229.0,8.4,23.0,11.5,TFDA
冷凍豬肉餛飩,100 g,240.0,11.1,20.5,12.6,TFDA
冷凍貢丸,100 g,244.0,16.6,0.0,20.3,TFDA
冷凍酸菜焢肉包子,100 g,301.0,8.6,37.2,13.1,TFDA
冷凍銀絲卷(奶黃),100 g,283.0,8.9,54.5,3.3,TFDA
冷凍雞塊,100 g,228.0,15.3,12.6,12.9,TFDA
冷凍雞肉丸,100 g,202.0,10.5,12.3,12.3,TFDA
冷凍雪螺餃,100 g,204.0,11.6,16.7,10.0,TFDA
冷凍青花菜,100 g,25.0,2.5,4.4,0.2,TFDA
冷凍香菇雞肉水餃,100 g,221.0,9.5,22.7,10.2,TFDA
冷凍香菇餃,100 g,233.0,12.3,11.5,15.3,TFDA
冷凍馬拉糕,100 g,320.0,7.1,44.0,12.9,TFDA
冷凍馬蹄條,100 g,194.0,4.2,40.1,1.9,TFDA
冷凍馬鈴薯條,100 g,151.0,2.2,25.5,4.5,TFDA
冷凍魚卵卷,100 g,115.0,12.9,15.5,0.2,TFDA
冷凍魚捲,100 g,126.0,13.8,17.1,0.3,TFDA
冷凍魚餃,100 g,277.0,12.5,12.9,19.5,TFDA
冷凍魷魚圈,100 g,143.0,15.7,19.2,0.4,TFDA
冷凍鮪排,100 g,143.0,13.4,20.4,0.9,TFDA
冷凍鮪魚水餃,100 g,196.0,9.0,20.8,8.5,TFDA
冷凍鱈魚丸,100 g,99.0,8.5,10.7,2.4,TFDA
冷凍麻竹筍,100 g,17.0,0.9,3.8,0.0,TFDA
冷藏堅果饅頭,100 g,307.0,9.6,47.3,8.8,TFDA
冷藏寧波年糕,100 g,220.0,3.9,49.7,0.6,TFDA
冷藏廣式芋頭粿,100 g,109.0,2.1,21.5,1.6,TFDA
冷藏廣式蘿蔔糕,100 g,111.0,2.2,20.4,2.3,TFDA
冷藏甜年糕,100 g,242.0,2.3,57.2,0.4,TFDA
凱撒沙拉醬,100 g,337.0,1.4,17.3,29.1,TFDA
凱特芒果,100 g,50.0,1.1,12.5,0.2,TFDA
刀削麵,100 g,267.0,8.4,56.2,0.9,TFDA
切片乾酪,100 g,309.0,18.3,5.9,23.7,TFDA
切片乾酪(低脂),100 g,241.0,21.7,8.8,13.0,TFDA
切片火腿(牛肉),100 g,121.0,15.9,9.4,2.2,TFDA
切片火腿(豬肉),100 g,147.0,16.5,9.0,4.9,TFDA
切片火腿(雞肉),100 g,148.0,15.3,10.0,5.3,TFDA
初卵雞蛋,100 g,136.0,12.3,1.4,9.2,TFDA
刨絲乾酪,100 g,323.0,25.1,4.4,22.6,TFDA
刺鯧(去皮),100 g,95.0,18.8,0.1,1.6,TFDA
刺鯧(含皮),100 g,155.0,17.8,0.0,8.7,TFDA
前鱗笛鯛,100 g,101.0,22.0,0.9,0.8,TFDA
加州紅李(台灣),100 g,45.0,0.3,10.6,0.6,TFDA
加州紅李(進口),100 g,60.0,0.8,15.3,0.3,TFDA
加州蜜李(進口),100 g,66.0,1.3,17.1,0.1,TFDA
加州青李,100 g,47.0,0.6,12.0,0.2,TFDA
加拉蘋果,100 g,55.0,0.2,15.0,0.1,TFDA
加糖部份脫脂煉乳,100 g,325.0,7.5,56.2,7.8,TFDA
加鈣米,100 g,355.0,7.4,77.7,0.7,TFDA
加鹽沙士,100 g,41.0,0.8,9.4,0.0,TFDA
包心白菜,100 g,14.0,1.2,2.6,0.1,TFDA
包心芥菜,100 g,17.0,1.0,2.7,0.5,TFDA
包餡甜麻糬(紅豆),100 g,329.0,10.0,65.7,2.9,TFDA
北方長額蝦(加工),100 g,122.0,19.9,2.7,4.1,TFDA
"北蕉(0天,綠皮)",100 g,90.0,1.3,23.3,0.3,TFDA
北蕉(11月取樣),100 g,90.0,1.6,23.4,0.1,TFDA
北蕉(1天),100 g,87.0,1.4,22.2,0.3,TFDA
北蕉(2月取樣),100 g,93.0,1.3,24.6,0.0,TFDA
北蕉(3天),100 g,84.0,1.4,21.3,0.3,TFDA
北蕉(5月取樣),100 g,92.0,1.6,23.7,0.2,TFDA
北蕉(7天),100 g,68.0,1.3,17.1,0.2,TFDA
北蕉(9月取樣),100 g,65.0,1.3,16.6,0.0,TFDA
北蕉平均值,100 g,85.0,1.5,22.1,0.1,TFDA
千寶菜,100 g,20.0,1.7,3.6,0.2,TFDA
千島沙拉醬,100 g,515.0,1.0,16.7,49.3,TFDA
南瓜平均值,100 g,74.0,1.9,17.3,0.2,TFDA
南瓜籽油,100 g,883.0,0.0,0.0,99.9,TFDA
南美刺參,100 g,52.0,12.0,0.0,0.0,TFDA
南華蕉,100 g,124.0,1.1,33.2,0.1,TFDA
印度鐮齒魚,100 g,49.0,10.4,0.4,0.5,TFDA
即溶咖啡粉,100 g,363.0,16.6,71.2,1.3,TFDA
即食燕麥片,100 g,406.0,11.9,67.9,9.6,TFDA
原味夏威夷豆,100 g,700.0,7.5,18.2,71.6,TFDA
原味愛玉凍,100 g,2.0,,0.4,,TFDA
原味松子仁,100 g,680.0,14.5,13.0,69.0,TFDA
原味榛果,100 g,672.0,13.0,17.2,66.5,TFDA
原味腰果,100 g,566.0,16.4,35.2,43.7,TFDA
原味葵瓜子(去殼),100 g,586.0,22.0,18.7,51.9,TFDA
厥子,100 g,23.0,2.3,3.9,0.2,TFDA
去皮去骨雞腿(肉雞),100 g,165.0,19.8,0.0,8.9,TFDA
去皮清肉(土雞),100 g,121.0,23.4,0.0,2.3,TFDA
去皮清肉(肉雞),100 g,117.0,23.3,0.6,1.9,TFDA
去皮清肉平均值,100 g,119.0,23.3,0.0,2.1,TFDA
去筋麵粉,100 g,355.0,0.2,85.7,0.1,TFDA
去膜花生仁(生),100 g,558.0,28.8,19.1,45.4,TFDA
去骨牛小排,100 g,290.0,17.1,0.0,24.0,TFDA
去骨紐約克牛排,100 g,200.0,21.3,0.0,12.0,TFDA
去骨肩頸眼羊肉,100 g,198.0,17.8,0.0,13.5,TFDA
去骨鴨掌,100 g,113.0,12.6,0.0,6.6,TFDA
叉燒肉,100 g,253.0,17.2,16.5,13.1,TFDA
可可椰子汁(屏東),100 g,16.0,0.1,3.8,0.2,TFDA
可可椰子汁(進口),100 g,19.0,0.2,5.0,0.0,TFDA
可可椰子汁平均值,100 g,17.0,0.1,4.4,0.1,TFDA
可可粉,100 g,464.0,20.8,43.8,22.8,TFDA
可樂,100 g,51.0,,12.8,,TFDA
可樂(低熱量),100 g,1.0,,0.3,,TFDA
可頌,100 g,452.0,7.3,47.1,26.1,TFDA
台式泡菜,100 g,59.0,0.9,13.1,0.3,TFDA
台灣南瓜,100 g,49.0,1.7,11.1,0.2,TFDA
台灣藜(紅)(帶殼),100 g,386.0,14.9,62.3,8.5,TFDA
台灣蜆,100 g,51.0,8.9,9.8,1.4,TFDA
台灣鎖管,100 g,72.0,16.0,1.6,0.4,TFDA
台灣鯛魚湯(水煮),100 g,5.0,0.9,0.0,0.2,TFDA
台灣鯛魚片(微波),100 g,140.0,24.9,1.4,3.7,TFDA
台灣鯛魚片(水煮),100 g,130.0,23.4,1.3,3.3,TFDA
台灣鯛魚片(油煎),100 g,162.0,23.1,1.9,6.9,TFDA
台灣鯛魚片(清蒸),100 g,112.0,19.3,2.2,3.3,TFDA
"台灣鯛魚片(烤,190℃,10分鐘)",100 g,111.0,19.7,1.8,3.0,TFDA
"台灣鯛魚片(烤,190℃,20分鐘)",100 g,134.0,23.0,2.1,4.0,TFDA
"台灣鯛魚片(烤,230℃,10分鐘)",100 g,127.0,21.3,1.5,4.0,TFDA
"台灣鯛魚片(烤,230℃,20分鐘)",100 g,142.0,24.6,2.5,4.1,TFDA
台灣鯛魚片(生),100 g,110.0,18.2,2.5,3.6,TFDA
台灣鯛魚片(生)(2021年),100 g,109.0,17.9,1.5,3.7,TFDA
史氏紅諧魚,100 g,97.0,21.1,0.0,0.7,TFDA
向陽二號胡蘿蔔,100 g,44.0,0.6,10.6,0.1,TFDA
味噌,100 g,215.0,10.6,33.1,4.5,TFDA
味精,100 g,251.0,44.5,18.1,,TFDA
味醂,100 g,220.0,0.5,54.5,0.0,TFDA
和風沙拉醬,100 g,129.0,2.1,26.3,1.7,TFDA
咖哩塊,100 g,515.0,5.6,45.4,34.5,TFDA
咖哩粉,100 g,417.0,13.9,58.5,14.1,TFDA
咖啡(三合一),100 g,39.0,0.9,8.2,0.4,TFDA
咖啡凍,100 g,75.0,0.1,18.1,0.2,TFDA
咖啡沖泡包(三合一),100 g,437.0,4.8,83.0,9.5,TFDA
咖啡沖泡包(二合一),100 g,491.0,6.8,63.6,23.3,TFDA
咖啡豆(曼特寧),100 g,437.0,13.9,65.1,14.9,TFDA
哈氏彷對蝦,100 g,82.0,18.7,0.6,0.2,TFDA
啤酒,100 g,49.0,,8.9,0.0,TFDA
喜來菇,100 g,37.0,3.5,6.3,0.4,TFDA
單斑笛鯛,100 g,106.0,20.7,0.0,1.9,TFDA
單角革單棘魨(去皮),100 g,79.0,17.2,0.0,0.6,TFDA
單角革單棘魨(含皮),100 g,76.0,17.9,0.0,0.0,TFDA
嘉寶果,100 g,59.0,0.3,15.3,0.3,TFDA
嘉寶瓜,100 g,40.0,0.8,10.0,0.2,TFDA
嘉玉甜瓜,100 g,43.0,1.3,10.4,0.1,TFDA
四周柿,100 g,66.0,0.5,17.6,0.1,TFDA
四季芒果,100 g,60.0,0.6,15.6,0.2,TFDA
國產甜柿,100 g,47.0,0.4,12.7,0.1,TFDA
國產紅棗,100 g,87.0,0.9,23.1,0.1,TFDA
圓果金柑,100 g,32.0,0.7,7.6,0.2,TFDA
圓果金柑汁(綠皮),100 g,32.0,0.9,8.0,0.1,TFDA
圓茄子,100 g,21.0,1.0,4.5,0.0,TFDA
圓鱈魚卵(加工),100 g,84.0,11.2,0.0,4.4,TFDA
圓鱈魚鰓肉,100 g,84.0,14.5,3.9,2.5,TFDA
土司,100 g,289.0,9.5,48.6,6.3,TFDA
土司(含全穀粉),100 g,292.0,10.0,49.2,6.1,TFDA
土番鴨,100 g,111.0,20.9,0.0,2.4,TFDA
土芒果,100 g,54.0,0.6,13.8,0.3,TFDA
土芭樂,100 g,39.0,0.7,10.0,0.1,TFDA
土雞,100 g,196.0,19.0,0.0,12.7,TFDA
土雞皮蛋,100 g,127.0,12.2,2.3,7.6,TFDA
土雞蛋,100 g,129.0,12.9,1.7,8.1,TFDA
土雞蛋(2022年取樣),100 g,137.0,12.2,1.8,9.3,TFDA
埔里米粉,100 g,358.0,0.5,87.7,0.5,TFDA
培根,100 g,372.0,13.5,0.0,35.6,TFDA
塔菇菜(有機),100 g,14.0,1.9,2.3,0.0,TFDA
壽司(豆皮壽司),100 g,194.0,6.3,31.7,4.7,TFDA
壽司海苔片,100 g,278.0,46.5,32.1,3.7,TFDA
壽司醋,100 g,181.0,,45.2,,TFDA
多多綠茶(全糖),100 g,49.0,1.1,11.0,0.1,TFDA
多鱗四指馬鮁,100 g,146.0,19.0,0.0,7.2,TFDA
多鱗沙鮻,100 g,90.0,18.6,0.6,1.2,TFDA
大口逆鈎鰺,100 g,103.0,21.8,0.1,1.1,TFDA
大口鰜切片(含皮),100 g,166.0,14.7,0.0,11.5,TFDA
大口黑鱸,100 g,130.0,20.7,0.0,4.6,TFDA
大心芥菜,100 g,13.0,1.0,2.5,0.0,TFDA
大文蛤,100 g,21.0,4.4,1.5,0.2,TFDA
大甲鰺,100 g,105.0,21.2,0.4,1.6,TFDA
大番茄平均值(紅色系),100 g,19.0,0.8,4.1,0.1,TFDA
大番茄平均值(綠色系),100 g,22.0,0.7,5.0,0.1,TFDA
大目鮪,100 g,103.0,23.9,0.0,0.1,TFDA
大眼金梭魚,100 g,157.0,21.8,0.0,7.1,TFDA
大管鞭蝦,100 g,88.0,19.8,0.6,0.3,TFDA
大芥菜,100 g,19.0,0.8,3.4,0.5,TFDA
大蒜,100 g,122.0,6.7,26.4,0.2,TFDA
大西洋鮭魚(台灣養殖),100 g,155.0,23.6,0.0,6.0,TFDA
大西洋鮭魚切片(中段),100 g,174.0,20.7,0.0,9.5,TFDA
大西洋鮭魚切片(尾段),100 g,204.0,20.7,0.0,12.8,TFDA
大西洋鮭魚平均值(去皮),100 g,221.0,20.2,0.0,14.9,TFDA
大西洋鮭魚生魚片,100 g,222.0,19.6,0.0,15.3,TFDA
大西洋鮭魚腹肉,100 g,349.0,16.4,0.0,31.0,TFDA
大豆油,100 g,884.0,0.0,0.0,100.0,TFDA
大豆油(卵磷脂強化),100 g,880.0,0.0,0.0,99.6,TFDA
大豆油(多種維生素強化),100 g,883.0,0.0,0.0,99.9,TFDA
大雪梨,100 g,42.0,0.3,11.1,0.1,TFDA
大頭蝦仁,100 g,40.0,8.8,0.0,0.2,TFDA
大餅包小餅(紅豆),100 g,376.0,8.3,48.5,16.5,TFDA
大麥仁,100 g,365.0,8.6,77.1,1.6,TFDA
大麥仁粉,100 g,389.0,7.1,85.0,1.3,TFDA
大麥片,100 g,365.0,8.6,76.7,1.8,TFDA
大黃魚,100 g,142.0,16.8,0.2,7.8,TFDA
天喜菇,100 g,26.0,4.5,2.5,0.5,TFDA
天婦羅,100 g,176.0,12.4,21.0,4.7,TFDA
天貝(黃豆),100 g,187.0,23.6,7.4,9.0,TFDA
天香洋香瓜,100 g,44.0,0.8,11.6,0.0,TFDA
太妃糖,100 g,438.0,2.7,75.6,13.9,TFDA
太空鴨,100 g,319.0,16.0,0.0,27.8,TFDA
太空鴨(去皮),100 g,102.0,20.1,0.0,1.8,TFDA
太陽洋香瓜,100 g,32.0,1.2,7.8,0.0,TFDA
太陽餅,100 g,460.0,5.3,63.6,20.5,TFDA
夾心餅乾(草莓),100 g,517.0,4.8,62.8,27.4,TFDA
奇亞子,100 g,483.0,21.7,34.8,31.8,TFDA
奇異果,100 g,56.0,1.1,14.0,0.3,TFDA
"奶油(固態,不加鹽)",100 g,733.0,0.6,0.9,82.7,TFDA
"奶油(固態,加鹽)",100 g,699.0,0.7,3.7,77.5,TFDA
奶油(液態),100 g,340.0,2.0,0.0,39.1,TFDA
奶油萵苣(日本種),100 g,16.0,1.1,2.6,0.3,TFDA
奶精粉,100 g,544.0,2.2,59.5,33.0,TFDA
奶精粉(2021年),100 g,550.0,2.1,57.6,34.6,TFDA
奶精粉(低脂),100 g,450.0,2.1,75.2,15.7,TFDA
奶茶(三合一),100 g,42.0,0.5,9.5,0.3,TFDA
奶茶沖泡包(三合一),100 g,452.0,1.7,82.3,12.9,TFDA
奶酥麵包,100 g,377.0,9.1,49.8,15.7,TFDA
姬松茸,100 g,40.0,4.0,6.9,0.4,TFDA
姬魚,100 g,104.0,24.1,0.0,0.2,TFDA
嫩莖萵苣,100 g,16.0,1.0,3.1,0.2,TFDA
嫩薑,100 g,21.0,0.0,4.8,0.3,TFDA
嫩豆腐,100 g,53.0,4.9,1.6,3.0,TFDA
孟加拉笛鯛,100 g,87.0,19.8,0.0,0.3,TFDA
孟宗竹筍,100 g,40.0,4.0,7.3,0.2,TFDA
安石榴,100 g,67.0,1.7,16.8,0.1,TFDA
宜蘭粉蔥,100 g,27.0,1.6,5.4,0.2,TFDA
密點少棘胡椒鯛,100 g,94.0,19.5,0.0,1.2,TFDA
富士蘋果,100 g,49.0,0.2,13.1,0.1,TFDA
富士蘋果(帶皮),100 g,45.0,0.2,11.9,0.1,TFDA
富有甜柿(大雪山),100 g,57.0,0.4,15.1,0.1,TFDA
富珍茸,100 g,37.0,3.0,6.8,0.4,TFDA
寒天脆藻,100 g,11.0,0.0,2.5,0.0,TFDA
寬粉,100 g,349.0,0.1,86.9,0.1,TFDA
將軍蜜梨,100 g,50.0,0.4,13.3,0.1,TFDA
小三角油豆腐,100 g,160.0,12.7,0.0,13.3,TFDA
小卷干,100 g,246.0,53.2,4.7,2.1,TFDA
小巧香腸,100 g,362.0,15.1,11.9,28.2,TFDA
小方豆干,100 g,161.0,17.4,3.5,8.6,TFDA
小玉西瓜,100 g,34.0,0.8,8.7,0.1,TFDA
小甜椒(青皮),100 g,35.0,1.4,6.8,0.5,TFDA
小番茄平均值(橙色系),100 g,31.0,1.1,6.9,0.2,TFDA
小番茄平均值(紅色系),100 g,33.0,0.9,7.4,0.2,TFDA
小白菜(土植)(10月取樣),100 g,11.0,1.1,1.7,0.2,TFDA
小白菜(土植)(1月取樣),100 g,10.0,1.2,1.5,0.2,TFDA
小白菜(土植)(3月取樣),100 g,14.0,1.2,2.4,0.1,TFDA
小白菜(土植)(4月取樣),100 g,13.0,1.1,2.2,0.2,TFDA
小白菜(土植)(7月取樣),100 g,10.0,1.0,1.8,0.1,TFDA
小白菜(有機)(10月取樣),100 g,13.0,1.3,1.9,0.2,TFDA
小白菜(有機)(1月取樣),100 g,9.0,1.8,0.8,0.2,TFDA
小白菜(有機)(4月取樣),100 g,14.0,1.3,2.4,0.2,TFDA
小白菜(有機)(7月取樣),100 g,11.0,1.3,1.7,0.1,TFDA
小白菜(水耕)(10月取樣),100 g,12.0,1.1,1.8,0.3,TFDA
小白菜(水耕)(1月取樣),100 g,13.0,1.5,2.1,0.1,TFDA
小白菜(水耕)(4月取樣),100 g,13.0,1.0,2.4,0.2,TFDA
小白菜(水耕)(7月取樣),100 g,12.0,0.9,2.4,0.1,TFDA
小籠包,100 g,242.0,9.6,15.9,15.5,TFDA
小米,100 g,370.0,11.3,71.7,3.7,TFDA
小羊腰脊肉,100 g,143.0,26.5,0.0,3.3,TFDA
小芋頭(山芋),100 g,113.0,2.3,22.8,1.2,TFDA
小茴香粉,100 g,411.0,19.5,37.0,25.8,TFDA
小馬鈴薯(珍珠馬鈴薯),100 g,59.0,1.7,12.8,0.0,TFDA
小魚干,100 g,335.0,69.2,0.0,4.4,TFDA
小麥,100 g,362.0,14.1,69.2,2.6,TFDA
小麥胚芽,100 g,417.0,31.4,47.9,11.6,TFDA
小麥苗,100 g,34.0,3.3,5.5,0.5,TFDA
小麥草粉,100 g,370.0,34.0,41.9,7.4,TFDA
小黃魚(去皮),100 g,100.0,20.0,0.0,1.6,TFDA
小黃魚(含皮),100 g,100.0,19.4,0.0,1.9,TFDA
尖嘴鱸(去皮),100 g,98.0,20.6,0.1,1.2,TFDA
尖嘴鱸(含皮),100 g,107.0,19.6,0.0,2.6,TFDA
尖鎖管,100 g,100.0,20.2,2.4,1.5,TFDA
尼羅口孵非鯽(去皮),100 g,113.0,20.4,0.0,2.9,TFDA
尼羅口孵非鯽(含皮),100 g,125.0,19.4,0.0,4.7,TFDA
尼羅口孵非鯽(含皮)(2022年取樣),100 g,122.0,20.4,3.0,3.9,TFDA
山東大蔥,100 g,31.0,1.3,6.7,0.1,TFDA
山楂,100 g,345.0,1.9,78.7,2.5,TFDA
山竹,100 g,69.0,0.6,18.1,0.3,TFDA
山粉圓,100 g,400.0,16.3,58.0,12.8,TFDA
山羊前腿肉片,100 g,123.0,21.3,0.0,3.5,TFDA
山羊帶皮羊肉塊,100 g,164.0,20.3,3.4,8.6,TFDA
山羊後腿肉火鍋片,100 g,170.0,18.9,0.1,9.9,TFDA
山芹菜,100 g,28.0,2.1,5.2,0.3,TFDA
山葵粉,100 g,387.0,10.1,72.9,6.1,TFDA
山葵醬,100 g,338.0,1.1,70.2,5.9,TFDA
山藥(中國長品),100 g,74.0,2.5,15.5,0.1,TFDA
山藥(二刺),100 g,89.0,2.7,18.9,0.1,TFDA
山藥(台農1號),100 g,93.0,2.6,19.9,0.1,TFDA
山藥(台農2號),100 g,95.0,3.2,19.9,0.1,TFDA
山藥(大刺),100 g,85.0,3.5,17.1,0.1,TFDA
山藥(大汕1號),100 g,80.0,2.4,17.0,0.1,TFDA
山藥(大汕3號),100 g,73.0,2.6,15.0,0.1,TFDA
山藥(宜蘭原生種),100 g,140.0,4.8,29.1,0.2,TFDA
山藥(尖石原生種),100 g,65.0,3.1,12.4,0.1,TFDA
山藥(白皮削),100 g,75.0,2.5,15.7,0.1,TFDA
山藥(白肉),100 g,69.0,2.1,14.4,0.1,TFDA
山藥(花蓮3號),100 g,93.0,1.7,20.9,0.1,TFDA
山藥(青森),100 g,94.0,2.6,19.9,0.2,TFDA
山藥(高田),100 g,71.0,3.1,14.0,0.1,TFDA
山藥平均值,100 g,85.0,2.8,17.8,0.1,TFDA
山蘇菜,100 g,26.0,3.0,4.4,0.2,TFDA
山豬肉片,100 g,466.0,11.9,0.0,46.0,TFDA
岩鹽,100 g,2.0,0.0,0.4,0.1,TFDA
巧克力冰淇淋,100 g,192.0,4.2,19.9,10.6,TFDA
巧克力夾心糖,100 g,403.0,0.7,93.7,2.8,TFDA
巧克力牛奶軟糖,100 g,422.0,3.4,76.7,11.3,TFDA
巧克力醬(液體),100 g,277.0,2.0,65.4,0.8,TFDA
巨峰葡萄,100 g,64.0,0.5,16.6,0.3,TFDA
布丁粉,100 g,419.0,2.7,86.1,7.1,TFDA
布氏鯧鰺(去皮),100 g,192.0,20.3,0.0,11.7,TFDA
布氏鯧鰺(含皮),100 g,190.0,17.5,0.0,12.8,TFDA
希氏姬鯛,100 g,91.0,21.1,0.5,0.1,TFDA
帶殼熟綠竹筍,100 g,25.0,2.0,4.9,0.1,TFDA
帶殼真牡蠣(生蠔),100 g,59.0,9.8,6.7,1.9,TFDA
帶殼花生(生),100 g,331.0,15.3,12.2,27.2,TFDA
帶殼龍眼乾,100 g,278.0,4.6,72.9,0.1,TFDA
帶膜花生仁(生)(1995年之前取樣),100 g,506.0,28.8,20.6,38.5,TFDA
帶膜花生仁(生)(2004年取樣),100 g,516.0,23.6,28.4,38.1,TFDA
帶骨去皮對切胸(肉雞),100 g,104.0,22.4,0.0,0.9,TFDA
帶骨帶皮對切胸(肉雞),100 g,219.0,19.3,0.0,15.1,TFDA
帶骨牛小排,100 g,360.0,13.1,0.4,33.7,TFDA
干貝(乾),100 g,256.0,58.5,15.5,0.7,TFDA
干貝(乾)平均值,100 g,242.0,53.7,10.8,1.4,TFDA
干貝(冷凍),100 g,57.0,12.7,1.7,0.4,TFDA
干貝醬,100 g,558.0,16.7,8.0,51.0,TFDA
平鯛,100 g,158.0,21.0,0.5,7.6,TFDA
幸水梨,100 g,34.0,0.4,9.0,0.0,TFDA
康氏馬加鰆切片(去皮),100 g,193.0,18.7,0.0,12.5,TFDA
康氏馬加鰆切片(含皮),100 g,176.0,19.3,1.5,10.4,TFDA
廣島野菜,100 g,16.0,1.7,2.9,0.0,TFDA
廣東粥,100 g,81.0,4.9,9.1,2.8,TFDA
廣東萵苣,100 g,20.0,1.0,4.0,0.2,TFDA
後刺尾鯛,100 g,102.0,20.4,0.0,1.7,TFDA
德國香腸,100 g,275.0,15.9,4.6,21.4,TFDA
意大利葡萄,100 g,52.0,0.5,13.7,0.1,TFDA
意麵,100 g,290.0,10.1,60.1,1.0,TFDA
愛文芒果,100 g,42.0,0.4,11.0,0.2,TFDA
愛玉子,100 g,407.0,12.2,63.7,12.5,TFDA
扁魚干,100 g,354.0,66.3,1.1,7.9,TFDA
披薩(夏威夷),100 g,270.0,12.0,35.9,8.7,TFDA
抱子芥菜,100 g,21.0,2.1,3.8,0.1,TFDA
抹茶粉,100 g,361.0,23.4,63.0,6.4,TFDA
拉麵,100 g,292.0,9.1,62.1,0.8,TFDA
拿鐵咖啡(無糖),100 g,43.0,3.0,3.4,2.0,TFDA
捲心酥,100 g,490.0,6.1,71.7,19.9,TFDA
排骨醬,100 g,221.0,2.3,43.1,4.4,TFDA
提拉米蘇(圓形),100 g,328.0,4.4,21.1,25.1,TFDA
擔仔麵,100 g,124.0,4.4,11.9,6.5,TFDA
敏豆莢,100 g,30.0,1.7,5.3,0.2,TFDA
文旦,100 g,34.0,0.7,8.8,0.1,TFDA
文旦(2023年取樣),100 g,48.0,0.6,12.7,0.0,TFDA
文蛤,100 g,37.0,7.6,2.7,0.5,TFDA
斑帶石斑魚,100 g,90.0,20.2,0.0,0.5,TFDA
斑海鯰,100 g,86.0,19.2,0.0,0.5,TFDA
斑鰭飛魚,100 g,94.0,22.0,0.2,0.1,TFDA
斑鱧,100 g,119.0,18.3,0.0,4.5,TFDA
斑鱵,100 g,91.0,20.6,0.3,0.3,TFDA
斑點九刺鮨(去皮),100 g,82.0,18.8,0.9,0.2,TFDA
斑點九刺鮨(含皮),100 g,84.0,19.4,0.0,0.1,TFDA
斑點雞籠鯧,100 g,97.0,21.9,0.0,0.4,TFDA
斯氏長鰭烏魴,100 g,97.0,22.4,0.0,0.1,TFDA
新世紀梨,100 g,42.0,0.4,10.7,0.2,TFDA
新疆哈密瓜,100 g,28.0,0.7,6.9,0.1,TFDA
新興梨,100 g,44.0,0.2,11.9,0.1,TFDA
方塊酥,100 g,509.0,7.1,66.1,24.1,TFDA
方糖,100 g,385.0,,99.6,,TFDA
旗魚切片,100 g,111.0,26.0,0.8,0.0,TFDA
旗魚肚,100 g,99.0,22.5,2.9,0.4,TFDA
旗魚腹肉,100 g,105.0,22.2,0.0,1.1,TFDA
旗魚鬆,100 g,481.0,31.3,37.4,22.9,TFDA
日式炸豆皮,100 g,388.0,19.2,4.9,32.4,TFDA
日式照燒醬,100 g,227.0,3.0,52.6,0.5,TFDA
日本南瓜,100 g,86.0,0.6,20.8,0.4,TFDA
日本對蝦(大),100 g,97.0,21.6,0.0,0.5,TFDA
日本對蝦(小),100 g,96.0,20.9,1.8,0.8,TFDA
日本對蝦平均值,100 g,97.0,21.3,0.4,0.7,TFDA
日本油菜(有機),100 g,20.0,1.5,3.3,0.4,TFDA
日本玻璃蝦,100 g,83.0,16.2,2.0,1.5,TFDA
日本甜蔥,100 g,33.0,1.0,7.6,0.1,TFDA
日本竹筴魚,100 g,116.0,23.0,0.0,2.0,TFDA
日本紅目大眼鯛,100 g,97.0,19.6,0.0,1.5,TFDA
日本花鱸((11月),100 g,99.0,20.5,0.1,1.3,TFDA
日本花鱸((12月),100 g,101.0,19.6,0.4,1.9,TFDA
日本花鱸((3月),100 g,100.0,20.0,0.5,1.6,TFDA
日本花鱸((8月),100 g,95.0,19.0,1.5,1.6,TFDA
日本花鱸(2月),100 g,95.0,20.1,1.9,1.0,TFDA
日本花鱸(含皮),100 g,111.0,19.2,0.8,3.2,TFDA
日本花鱸平均值,100 g,98.0,19.9,0.9,1.5,TFDA
日本茼蒿(有機),100 g,26.0,1.9,4.8,0.2,TFDA
日本銀帶鯡(加工),100 g,111.0,21.5,1.2,2.1,TFDA
日本銀帶鯡魚干(丁香魚脯),100 g,275.0,51.8,1.7,6.0,TFDA
日本馬頭魚,100 g,85.0,18.7,0.0,0.6,TFDA
日本鰻鱺魚片(生),100 g,254.0,18.1,0.0,19.6,TFDA
日本鰻鱺魚片(蒲燒),100 g,272.0,25.0,0.9,18.7,TFDA
日本龍蝦,100 g,93.0,21.5,1.0,0.1,TFDA
明日葉,100 g,57.0,1.4,11.9,0.8,TFDA
明蝦仁,100 g,52.0,11.9,0.0,0.1,TFDA
星斑真鯧,100 g,214.0,15.6,0.0,16.3,TFDA
星雞魚,100 g,99.0,20.6,0.4,1.2,TFDA
春捲皮,100 g,241.0,8.3,50.4,0.7,TFDA
昭和草,100 g,26.0,2.2,3.8,0.7,TFDA
月餅(棗泥),100 g,419.0,6.0,57.9,18.2,TFDA
朝天椒(圓果),100 g,103.0,4.9,21.9,0.5,TFDA
朝天椒(長果),100 g,90.0,3.4,17.9,1.3,TFDA
朝鮮醬,100 g,106.0,1.6,19.7,2.3,TFDA
木瓜(11月取樣),100 g,44.0,0.4,11.8,0.1,TFDA
木瓜(2月取樣),100 g,31.0,0.7,7.7,0.1,TFDA
木瓜(5月取樣),100 g,44.0,0.7,11.3,0.1,TFDA
木瓜(8月取樣),100 g,33.0,0.5,8.8,0.0,TFDA
木瓜平均值,100 g,38.0,0.6,9.9,0.1,TFDA
木瓜牛奶,100 g,42.0,1.7,7.7,0.6,TFDA
木耳,100 g,38.0,0.9,8.8,0.1,TFDA
木薯粉,100 g,362.0,0.1,87.3,0.2,TFDA
本島萵苣(土植)(10月取樣),100 g,14.0,1.1,2.2,0.3,TFDA
本島萵苣(土植)(1月取樣),100 g,17.0,1.6,2.5,0.4,TFDA
本島萵苣(土植)(3月取樣),100 g,18.0,0.3,3.8,0.3,TFDA
本島萵苣(土植)(4月取樣),100 g,17.0,0.9,3.3,0.2,TFDA
本島萵苣(土植)(7月取樣),100 g,23.0,1.4,4.4,0.3,TFDA
本島萵苣(有機)(10月取樣),100 g,15.0,1.3,2.3,0.3,TFDA
本島萵苣(有機)(1月取樣),100 g,15.0,1.8,2.6,0.0,TFDA
本島萵苣(有機)(4月取樣),100 g,19.0,1.1,3.5,0.3,TFDA
本島萵苣(有機)(7月取樣),100 g,17.0,1.5,2.7,0.3,TFDA
本島萵苣(水耕)(10月取樣),100 g,12.0,1.1,1.6,0.3,TFDA
本島萵苣(水耕)(1月取樣),100 g,14.0,1.6,2.1,0.2,TFDA
本島萵苣(水耕)(4月取樣),100 g,15.0,1.0,2.7,0.2,TFDA
本島萵苣(水耕)(7月取樣),100 g,13.0,1.4,1.9,0.2,TFDA
李子平均值(紅皮紅肉),100 g,39.0,0.6,9.6,0.3,TFDA
李子平均值(紅皮黃肉),100 g,48.0,0.7,11.9,0.3,TFDA
李子平均值(青皮黃肉),100 g,48.0,0.7,11.7,0.4,TFDA
李林蕉(2007年取樣),100 g,102.0,1.4,26.3,0.3,TFDA
李林蕉(2012年取樣),100 g,111.0,1.5,29.2,0.1,TFDA
杏仁茶沖泡包,100 g,399.0,3.5,84.7,5.2,TFDA
杏仁霜,100 g,554.0,9.7,47.1,36.4,TFDA
杏香菇,100 g,26.0,2.7,4.6,0.1,TFDA
杏鮑菇(中),100 g,40.0,2.5,8.2,0.2,TFDA
杏鮑菇(大),100 g,37.0,2.4,7.5,0.1,TFDA
杏鮑菇(小),100 g,47.0,3.2,9.2,0.3,TFDA
杏鮑菇平均值,100 g,41.0,2.7,8.3,0.2,TFDA
杜氏刺尾鯛,100 g,137.0,19.1,0.6,6.2,TFDA
杜氏鰤,100 g,115.0,21.9,0.2,2.4,TFDA
東方異腕蝦,100 g,78.0,17.7,0.0,0.3,TFDA
松子仁(生),100 g,678.0,16.6,9.4,69.5,TFDA
松茸,100 g,36.0,3.1,5.9,0.5,TFDA
松茸白菇,100 g,38.0,5.1,5.3,0.5,TFDA
松鯛,100 g,98.0,18.2,0.1,2.3,TFDA
板腱,100 g,166.0,19.8,0.2,9.0,TFDA
枇杷,100 g,38.0,0.3,9.8,0.2,TFDA
枇杷糖,100 g,394.0,0.2,98.0,0.1,TFDA
果凍,100 g,91.0,,22.3,0.2,TFDA
果寡糖,100 g,300.0,,77.5,,TFDA
果汁醋飲料(綜合),100 g,37.0,,9.3,,TFDA
果糖,100 g,297.0,,76.9,,TFDA
枸杞乾,100 g,347.0,12.3,77.8,1.3,TFDA
柚子果醬,100 g,268.0,0.6,64.5,0.8,TFDA
柳松菇,100 g,36.0,3.7,6.0,0.3,TFDA
柳橙,100 g,44.0,0.8,11.0,0.1,TFDA
柳橙汁(100%),100 g,48.0,0.6,10.7,0.3,TFDA
柳橙汁(非原汁),100 g,50.0,0.1,12.3,0.1,TFDA
柴魚片,100 g,383.0,76.5,2.6,6.2,TFDA
柿餅,100 g,196.0,1.7,52.2,0.2,TFDA
栗子(生),100 g,264.0,4.6,57.9,1.4,TFDA
栗子仁(生),100 g,176.0,3.7,38.7,0.7,TFDA
栗子南瓜,100 g,86.0,1.4,20.7,0.2,TFDA
核桃油,100 g,883.0,0.0,0.0,99.9,TFDA
核棗糕,100 g,425.0,2.5,71.1,14.6,TFDA
根菾菜根,100 g,27.0,1.2,6.0,0.1,TFDA
根菾菜根(2023年取樣),100 g,37.0,1.2,8.6,0.0,TFDA
桂竹筍片,100 g,19.0,1.0,3.3,0.2,TFDA
桃太郎番茄,100 g,17.0,0.7,4.0,0.0,TFDA
桃接李(大),100 g,38.0,0.6,9.2,0.3,TFDA
桃接李(小),100 g,36.0,0.7,8.6,0.3,TFDA
桑葚,100 g,32.0,1.1,7.0,0.4,TFDA
桑葚果醬,100 g,227.0,0.9,54.9,0.4,TFDA
桑葚汁,100 g,25.0,0.8,5.9,0.2,TFDA
梅乾菜,100 g,116.0,5.5,20.8,1.1,TFDA
梅子粉,100 g,286.0,2.0,60.8,3.9,TFDA
"條狀火腿(牛肉,黑胡椒)",100 g,113.0,18.9,4.1,2.3,TFDA
條狀火腿(豬肉),100 g,145.0,16.2,11.5,3.8,TFDA
條狀肉乾(豬肉),100 g,345.0,43.2,25.1,7.9,TFDA
條紋狼鱸,100 g,147.0,21.4,0.0,6.2,TFDA
梨山甘藍(尖球形),100 g,24.0,1.4,5.1,0.1,TFDA
梨山蜜梨,100 g,47.0,0.3,12.7,0.0,TFDA
棉花糖,100 g,331.0,3.2,78.9,0.3,TFDA
棒棒腿(土雞),100 g,143.0,21.0,0.0,5.9,TFDA
棒棒腿(肉雞),100 g,159.0,16.8,0.3,9.7,TFDA
棒棒腿平均值,100 g,151.0,18.9,0.0,7.8,TFDA
棕點石斑魚,100 g,115.0,19.1,0.0,3.7,TFDA
棺材板,100 g,264.0,7.0,19.7,17.5,TFDA
植物燕麥奶粉(營養強化),100 g,437.0,12.0,67.5,13.2,TFDA
椪柑,100 g,40.0,0.8,10.0,0.2,TFDA
椰奶,100 g,49.0,0.2,7.4,2.1,TFDA
椰子油,100 g,883.0,0.0,0.0,99.9,TFDA
椰子粉,100 g,629.0,7.2,27.8,60.3,TFDA
椰漿,100 g,208.0,1.1,0.0,23.1,TFDA
楊桃(11月取樣),100 g,31.0,0.4,8.0,0.0,TFDA
楊桃(2月取樣),100 g,29.0,0.4,7.6,0.1,TFDA
楊桃(4月取樣),100 g,32.0,0.7,8.1,0.1,TFDA
楊桃(5月取樣),100 g,34.0,0.6,8.7,0.1,TFDA
楊桃(9月取樣),100 g,33.0,0.5,8.8,0.0,TFDA
楊桃平均值,100 g,32.0,0.5,8.2,0.1,TFDA
楊桃汁(非原汁),100 g,49.0,0.0,12.0,0.1,TFDA
楓糖,100 g,258.0,0.1,66.6,0.1,TFDA
榛果牛奶巧克力,100 g,590.0,9.0,47.5,40.4,TFDA
榨菜,100 g,27.0,1.3,4.6,0.4,TFDA
榴槤,100 g,132.0,2.7,29.7,1.9,TFDA
榴槤蜜,100 g,124.0,1.6,32.6,0.1,TFDA
樹豆(白),100 g,325.0,22.1,59.4,0.8,TFDA
橄欖油,100 g,884.0,0.0,0.0,100.0,TFDA
橙蕃茄,100 g,32.0,1.2,7.0,0.2,TFDA
橫山梨,100 g,47.0,0.4,12.4,0.1,TFDA
橫紋九刺鮨,100 g,85.0,19.3,0.0,0.3,TFDA
橫紋鸚哥魚(含皮),100 g,81.0,18.9,0.0,0.0,TFDA
檳榔嫩莖,100 g,31.0,2.2,5.6,0.4,TFDA
檳榔心芋,100 g,121.0,1.3,28.1,0.0,TFDA
檳榔心芋(2021年取樣),100 g,107.0,1.1,24.8,0.0,TFDA
檸檬,100 g,33.0,0.7,7.4,0.5,TFDA
檸檬愛玉凍,100 g,53.0,,13.1,,TFDA
檸檬果乾,100 g,344.0,0.8,84.6,0.2,TFDA
檸檬柑,100 g,48.0,1.1,12.2,0.1,TFDA
檸檬汁(綠皮),100 g,31.0,0.4,6.9,0.6,TFDA
檸檬汁(非原汁),100 g,33.0,0.8,7.1,0.1,TFDA
檸檬汁(黃皮),100 g,30.0,0.5,7.2,0.3,TFDA
檸檬汁平均值,100 g,31.0,0.5,7.0,0.4,TFDA
櫻桃,100 g,75.0,1.2,19.1,0.3,TFDA
櫻桃小番茄,100 g,34.0,0.9,8.1,0.1,TFDA
櫻桃蘿蔔,100 g,11.0,0.6,2.3,0.0,TFDA
櫻桃鴨胸肉片,100 g,227.0,16.7,4.7,17.2,TFDA
正櫻蝦(熟),100 g,97.0,19.6,0.0,1.4,TFDA
正櫻蝦(生),100 g,88.0,17.9,0.0,1.3,TFDA
正櫻蝦乾,100 g,253.0,52.6,13.4,3.1,TFDA
正鰹,100 g,149.0,23.1,0.0,5.6,TFDA
毛綠豆,100 g,346.0,22.1,63.6,1.2,TFDA
毛豆仁,100 g,129.0,14.6,12.5,3.3,TFDA
毛豆莢(高雄13號),100 g,137.0,11.6,13.2,5.1,TFDA
毛鱗魚,100 g,145.0,14.1,0.4,9.4,TFDA
毛鱗魚(柳葉魚)(裹粉未炸),100 g,171.0,12.9,19.0,4.9,TFDA
水果QQ軟糖,100 g,343.0,6.8,78.3,0.2,TFDA
水果軟糖,100 g,411.0,1.3,82.6,8.4,TFDA
水煎包,100 g,166.0,4.3,25.2,5.4,TFDA
水耕波士頓萵苣,100 g,14.0,1.3,1.2,0.7,TFDA
水菜(日本種),100 g,11.0,1.2,1.6,0.2,TFDA
水蕹菜,100 g,24.0,2.6,3.3,0.5,TFDA
水蜜桃,100 g,40.0,0.9,9.9,0.1,TFDA
水蜜桃平均值,100 g,39.0,0.9,9.7,0.2,TFDA
水餃皮,100 g,264.0,7.8,57.0,0.5,TFDA
汽水(綜合口味),100 g,42.0,,10.6,,TFDA
汽水(維生素強化),100 g,46.0,,11.5,,TFDA
沖泡濃湯(海鮮),100 g,355.0,11.2,62.0,6.9,TFDA
沙其馬,100 g,487.0,5.6,60.2,24.8,TFDA
沙士,100 g,37.0,,9.2,,TFDA
沙士(低糖),100 g,43.0,0.0,10.9,0.0,TFDA
沙拉筍塊,100 g,24.0,1.6,4.8,0.1,TFDA
沙拉醬,100 g,645.0,1.9,11.4,65.7,TFDA
沙拉醬(2021年取樣),100 g,630.0,1.9,16.8,61.7,TFDA
沙朗牛排,100 g,162.0,20.4,1.5,8.3,TFDA
沙茶粉,100 g,507.0,15.0,47.0,28.8,TFDA
沙茶醬,100 g,729.0,10.2,10.4,71.8,TFDA
油條,100 g,551.0,10.1,37.3,40.2,TFDA
油炸脫水甘藷,100 g,525.0,2.3,61.2,30.1,TFDA
油炸花生仁,100 g,623.0,28.9,18.0,48.4,TFDA
油茶油,100 g,883.0,0.0,0.0,99.9,TFDA
油菜(有機),100 g,13.0,1.3,2.2,0.1,TFDA
油菜心,100 g,31.0,3.2,4.0,0.9,TFDA
油菜籽油,100 g,883.0,0.0,0.0,99.9,TFDA
油蔥酥,100 g,518.0,7.4,57.1,28.8,TFDA
油豆腐粉絲(阿給),100 g,146.0,6.9,15.7,6.2,TFDA
油魚卵(加工),100 g,416.0,46.6,0.0,27.3,TFDA
油麵條,100 g,361.0,11.4,76.3,1.2,TFDA
法式奶酥醬,100 g,596.0,6.7,37.6,46.5,TFDA
法式羊排,100 g,260.0,18.8,0.0,20.0,TFDA
法式香蒜醬,100 g,791.0,1.1,3.8,85.7,TFDA
泡芙(巧克力),100 g,590.0,10.3,46.2,40.4,TFDA
泡魷魚,100 g,50.0,11.3,3.0,0.2,TFDA
泡麵(牛肉口味),100 g,473.0,9.6,53.6,24.5,TFDA
泡麵(鮮蝦口味),100 g,475.0,9.6,55.5,23.8,TFDA
波紋橫簾蛤,100 g,48.0,9.2,4.6,1.0,TFDA
泥螺,100 g,95.0,21.5,0.3,0.3,TFDA
泰勃圓鰺,100 g,113.0,22.8,1.4,1.7,TFDA
泰國芭樂,100 g,38.0,0.8,9.7,0.1,TFDA
洋芋片,100 g,553.0,5.2,55.8,34.3,TFDA
洋菇,100 g,25.0,3.0,3.8,0.2,TFDA
洋菇罐頭,100 g,31.0,2.9,4.3,0.3,TFDA
洋蔥粉,100 g,377.0,8.1,82.1,1.8,TFDA
洋蔥麵包醬,100 g,276.0,1.0,9.5,26.1,TFDA
洋香瓜(卡蜜拉),100 g,38.0,0.6,9.5,0.2,TFDA
洋香瓜(新世紀),100 g,39.0,0.7,10.1,0.0,TFDA
洋香菜片,100 g,312.0,24.4,47.7,7.5,TFDA
洛神花乾,100 g,306.0,9.0,71.2,0.6,TFDA
津輕蜜蘋果,100 g,56.0,0.2,15.1,0.2,TFDA
海帶卷,100 g,14.0,0.7,2.8,0.2,TFDA
海帶平均值,100 g,19.0,0.7,4.2,0.1,TFDA
海帶梗,100 g,14.0,0.4,3.2,0.0,TFDA
海帶結,100 g,17.0,0.8,3.6,0.1,TFDA
海帶絲,100 g,22.0,0.7,5.0,0.1,TFDA
海帶茸,100 g,29.0,1.1,6.5,0.0,TFDA
海梨桶柑,100 g,44.0,0.9,11.0,0.2,TFDA
海綿蛋糕(圓形),100 g,344.0,5.1,40.2,18.1,TFDA
海苔醬,100 g,223.0,6.4,49.3,0.0,TFDA
海蜇皮,100 g,19.0,4.4,2.2,0.0,TFDA
海頓芒果,100 g,60.0,0.4,15.7,0.2,TFDA
海鮮醬,100 g,228.0,1.8,50.3,2.2,TFDA
海鱸蝦仁,100 g,73.0,16.3,1.3,0.4,TFDA
海鱺,100 g,106.0,20.4,0.0,2.1,TFDA
海鱺魚片,100 g,264.0,19.3,0.0,20.1,TFDA
液體奶精,100 g,262.0,3.9,2.5,26.3,TFDA
液體奶精(2021年),100 g,242.0,2.2,4.2,24.0,TFDA
淡煉乳,100 g,137.0,6.5,9.1,8.3,TFDA
淡色醬油,100 g,78.0,7.1,11.5,0.4,TFDA
淮山,100 g,363.0,5.3,82.4,0.3,TFDA
深海鱗角魚,100 g,80.0,17.7,0.0,0.5,TFDA
清腿(土雞),100 g,142.0,20.4,0.0,6.1,TFDA
清腿(肉雞),100 g,173.0,16.6,0.0,11.3,TFDA
清腿平均值,100 g,157.0,18.5,0.0,8.7,TFDA
清蒸蝦仁肉圓,100 g,152.0,4.6,16.7,7.4,TFDA
溫州餛飩,100 g,145.0,6.5,11.9,7.9,TFDA
溫泉蛋,100 g,137.0,12.9,3.8,7.8,TFDA
滑菇,100 g,27.0,2.6,4.7,0.2,TFDA
滷牛筋,100 g,119.0,21.1,2.6,2.8,TFDA
滷蛋平均值,100 g,184.0,16.4,4.6,11.1,TFDA
滷蛋白平均值,100 g,87.0,16.7,4.6,0.2,TFDA
滷蛋黃平均值,100 g,379.0,17.0,1.9,33.7,TFDA
滷豬腳,100 g,237.0,28.4,0.0,15.4,TFDA
漢堡包,100 g,322.0,9.1,54.9,7.4,TFDA
澳洲甜橙(進口),100 g,46.0,0.9,11.6,0.1,TFDA
澳洲綠蘆筍(粗短型),100 g,20.0,2.5,3.1,0.2,TFDA
澳洲胡蘿蔔(細長型),100 g,34.0,1.7,7.5,0.1,TFDA
濁水米粉,100 g,357.0,5.3,81.1,1.3,TFDA
火炭母草,100 g,12.0,1.6,1.2,0.4,TFDA
火腿蛋三明治,100 g,275.0,10.9,28.2,13.2,TFDA
火雞肉,100 g,141.0,21.1,0.0,5.6,TFDA
灰海荷蝹,100 g,101.0,21.0,0.0,1.3,TFDA
灰海鰻,100 g,97.0,20.5,0.0,1.0,TFDA
炒板條,100 g,149.0,4.2,23.7,4.2,TFDA
炒蛋(加油3大匙),100 g,215.0,12.9,4.6,16.1,TFDA
炸排粉,100 g,344.0,11.9,70.0,1.8,TFDA
炸醬,100 g,398.0,14.6,6.7,34.7,TFDA
炸雞粉,100 g,333.0,8.3,71.0,1.7,TFDA
烏梅汁,100 g,58.0,0.3,13.8,0.2,TFDA
烏殼綠竹筍,100 g,21.0,1.8,3.8,0.2,TFDA
烏賊精囊,100 g,43.0,9.8,6.4,0.2,TFDA
烏醋,100 g,37.0,0.5,8.7,0.0,TFDA
烏骨雞,100 g,212.0,17.9,0.9,15.1,TFDA
烏骨雞蛋,100 g,160.0,12.7,2.4,11.6,TFDA
烏骨雞蛋白,100 g,47.0,10.6,1.7,0.0,TFDA
烏骨雞蛋黃,100 g,344.0,15.5,1.4,30.6,TFDA
烏鯧,100 g,94.0,20.4,0.0,0.8,TFDA
"烏龍奶茶(去冰,全糖)",100 g,75.0,0.2,12.3,2.8,TFDA
"烏龍奶茶(去冰,半糖)",100 g,62.0,0.2,9.6,2.6,TFDA
"烏龍奶茶(去冰,微糖)",100 g,59.0,0.2,8.1,2.9,TFDA
烏龍茶,100 g,0.0,0.1,0.1,,TFDA
"烏龍茶(去冰,全糖)",100 g,36.0,0.1,8.8,0.0,TFDA
"烏龍茶(去冰,半糖)",100 g,21.0,0.1,5.2,0.0,TFDA
"烏龍茶(去冰,微糖)",100 g,16.0,0.1,3.8,0.0,TFDA
烏龍茶茶湯,100 g,0.0,0.0,0.0,,TFDA
烘烤黑豆,100 g,435.0,39.0,32.4,20.1,TFDA
烤布丁,100 g,138.0,4.7,13.8,7.1,TFDA
烤肉醬,100 g,157.0,5.2,32.1,0.8,TFDA
烤酥油,100 g,883.0,0.0,0.0,99.9,TFDA
烤雞,100 g,233.0,22.8,3.6,14.2,TFDA
無子紅葡萄(含皮),100 g,72.0,0.5,19.2,0.1,TFDA
無子芭樂,100 g,33.0,0.7,8.6,0.0,TFDA
無斑圓鰺,100 g,119.0,23.9,0.0,1.9,TFDA
無籽西瓜,100 g,33.0,0.9,8.2,0.0,TFDA
無糖咖啡飲料,100 g,4.0,0.2,0.5,0.1,TFDA
無糖黑芝麻醬,100 g,612.0,20.7,17.7,56.0,TFDA
無花果,100 g,67.0,1.2,16.5,0.4,TFDA
無花果乾,100 g,328.0,3.6,77.8,4.3,TFDA
無蛋沙拉醬,100 g,479.0,1.8,19.0,44.0,TFDA
無蛋沙拉醬(2021年取樣),100 g,631.0,0.3,22.9,59.8,TFDA
無骨牛小排(美牛),100 g,335.0,15.6,0.2,29.8,TFDA
煎蛋(不加油),100 g,161.0,13.5,4.9,11.3,TFDA
煎餅,100 g,444.0,6.3,78.3,11.7,TFDA
煙台白菜,100 g,14.0,1.3,2.2,0.3,TFDA
熟桂竹筍,100 g,21.0,2.1,3.5,0.2,TFDA
熟水餃(高麗菜水餃),100 g,199.0,7.4,19.7,10.1,TFDA
熟油茶油,100 g,883.0,0.0,0.0,99.9,TFDA
熟箭竹筍,100 g,20.0,2.1,2.9,0.3,TFDA
熟紫菜,100 g,294.0,18.1,62.4,0.4,TFDA
熟蓮藕,100 g,50.0,1.1,11.0,0.1,TFDA
熟蓮藕切片(水煮),100 g,73.0,0.8,16.9,0.0,TFDA
熟豬肚,100 g,137.0,16.0,2.7,7.6,TFDA
熟鵝腿肉,100 g,285.0,18.5,0.0,23.6,TFDA
熱狗,100 g,257.0,13.3,10.2,18.1,TFDA
熱狗粉,100 g,355.0,8.4,78.4,0.9,TFDA
燒餅,100 g,323.0,9.1,51.1,9.1,TFDA
燕麥,100 g,406.0,10.9,67.4,10.2,TFDA
燕麥奶,100 g,44.0,1.0,8.1,0.8,TFDA
燕麥片,100 g,393.0,12.3,64.1,9.7,TFDA
營養口糧,100 g,424.0,6.8,79.7,8.7,TFDA
片狀肉乾(牛肉),100 g,335.0,30.3,41.8,5.2,TFDA
"片狀肉乾(牛肉,辣味)",100 g,335.0,38.0,29.9,7.0,TFDA
片狀肉乾(豬肉),100 g,329.0,30.0,41.0,5.0,TFDA
牛五花肉火鍋片,100 g,430.0,15.7,0.0,40.3,TFDA
牛修清前胸肉,100 g,120.0,22.3,0.9,2.8,TFDA
牛前胸肉,100 g,331.0,14.8,0.0,29.7,TFDA
牛去骨肩胛小排,100 g,233.0,16.9,1.2,17.9,TFDA
牛奶巧克力,100 g,546.0,9.4,54.0,32.6,TFDA
牛奶果,100 g,62.0,0.8,15.8,0.3,TFDA
牛奶軟糖,100 g,424.0,2.9,78.0,11.1,TFDA
牛奶鳳梨,100 g,60.0,0.8,15.4,0.3,TFDA
牛嫩肩里肌火鍋片,100 g,188.0,20.0,1.8,11.4,TFDA
牛小排平均值,100 g,325.0,15.1,0.0,28.9,TFDA
牛後腿肉,100 g,122.0,19.4,3.7,4.3,TFDA
牛後腿股肉,100 g,153.0,20.6,0.8,7.2,TFDA
牛後腿腱子心,100 g,139.0,19.8,0.0,6.0,TFDA
牛後腿腱子心(2022年取樣),100 g,151.0,23.7,4.0,5.5,TFDA
牛心柿,100 g,62.0,0.5,16.5,0.2,TFDA
牛排醬,100 g,130.0,2.5,30.1,0.0,TFDA
牛梅花肉火鍋片,100 g,120.0,20.3,0.9,3.7,TFDA
牛油(未精煉),100 g,642.0,0.0,4.2,71.9,TFDA
牛油(精煉),100 g,885.0,0.0,0.6,99.1,TFDA
牛番茄,100 g,19.0,0.7,4.0,0.1,TFDA
牛筋,100 g,157.0,21.7,3.3,7.2,TFDA
牛紐約客火鍋片,100 g,263.0,20.1,0.0,19.6,TFDA
牛肉火鍋片平均值,100 g,250.0,19.1,0.0,18.7,TFDA
牛肉醬,100 g,507.0,17.0,22.2,38.9,TFDA
牛肉餡餅,100 g,225.0,9.6,23.3,10.4,TFDA
牛肉香腸,100 g,298.0,20.7,7.8,20.5,TFDA
牛肋條,100 g,225.0,18.6,1.1,16.2,TFDA
牛肋條(2021年取樣),100 g,358.0,15.7,0.3,32.3,TFDA
牛肚(瘤胃),100 g,44.0,7.5,0.0,1.4,TFDA
牛肚(蜂巢胃),100 g,107.0,19.0,0.0,2.8,TFDA
牛肚切片(瘤胃),100 g,67.0,15.3,0.3,0.2,TFDA
牛肚平均值,100 g,56.0,11.4,0.1,0.8,TFDA
牛舌餅,100 g,411.0,5.7,67.4,13.2,TFDA
牛蒡,100 g,84.0,2.5,19.1,0.4,TFDA
牛軋糖,100 g,477.0,9.7,60.8,21.7,TFDA
牡蠣干,100 g,243.0,41.0,26.2,7.5,TFDA
犬牙南極魚切片,100 g,282.0,12.1,0.0,25.5,TFDA
狀元瓜,100 g,27.0,0.7,6.6,0.1,TFDA
狗母魚(蛇鯔),100 g,103.0,20.8,0.1,1.6,TFDA
猴頭菇,100 g,30.0,2.1,5.9,0.2,TFDA
猴頭菇罐頭,100 g,31.0,1.0,6.5,0.1,TFDA
玉文芒果,100 g,62.0,0.5,16.1,0.3,TFDA
玉桂西瓜子,100 g,529.0,31.1,23.8,34.4,TFDA
玉米油,100 g,883.0,0.0,0.1,99.8,TFDA
玉米濃湯調理包,100 g,369.0,4.4,74.7,5.9,TFDA
玉米筍,100 g,33.0,1.8,7.0,0.2,TFDA
玉米粉,100 g,369.0,0.3,88.3,0.4,TFDA
玉米粒罐頭,100 g,90.0,2.3,16.9,1.4,TFDA
玉米胚芽,100 g,366.0,7.0,80.3,0.9,TFDA
玉米醬罐頭,100 g,66.0,1.4,14.0,0.4,TFDA
玉米餅乾(原味),100 g,504.0,7.6,63.8,24.3,TFDA
玉荷苞荔枝,100 g,68.0,1.2,17.3,0.2,TFDA
玫瑰桃,100 g,51.0,1.2,12.8,0.1,TFDA
玫瑰菇,100 g,35.0,4.5,5.6,0.1,TFDA
珊瑚菇,100 g,33.0,4.0,5.2,0.2,TFDA
"珍珠奶茶(去冰,全糖)",100 g,94.0,0.2,17.9,2.4,TFDA
"珍珠奶茶(去冰,半糖)",100 g,84.0,0.2,14.5,2.7,TFDA
"珍珠奶茶(去冰,微糖)",100 g,75.0,0.2,13.5,2.3,TFDA
珍珠小白菜,100 g,11.0,1.5,1.7,0.1,TFDA
珍珠芭樂,100 g,42.0,0.7,10.6,0.2,TFDA
珍珠苦瓜,100 g,19.0,0.7,4.2,0.1,TFDA
珍珠蜜棗,100 g,46.0,1.1,11.7,0.0,TFDA
珠貝(乾),100 g,228.0,48.9,6.1,2.2,TFDA
球莖甘藍,100 g,20.0,1.6,3.6,0.2,TFDA
環文蛤,100 g,46.0,8.7,3.7,1.0,TFDA
環紋簑鮋,100 g,79.0,18.4,0.0,0.1,TFDA
甘扁桃仁(熟),100 g,588.0,21.9,23.2,49.8,TFDA
甘扁桃仁片(熟),100 g,618.0,23.4,14.8,56.9,TFDA
甘扁桃仁片(生),100 g,564.0,27.3,17.0,47.8,TFDA
甘納豆,100 g,333.0,6.6,74.5,1.0,TFDA
甘草粉,100 g,341.0,9.2,73.4,3.6,TFDA
甘草葵瓜子(帶殼),100 g,564.0,26.8,25.8,39.3,TFDA
甘蔗鳳梨,100 g,57.0,0.7,15.1,0.1,TFDA
甘薯蜜餞,100 g,347.0,0.9,84.3,0.6,TFDA
甘藍(圓球形),100 g,24.0,1.4,4.9,0.2,TFDA
甘藍(圓球形)(2021年取樣),100 g,20.0,0.8,4.6,0.0,TFDA
甘藍(扁圓形),100 g,21.0,1.1,4.3,0.2,TFDA
甘藍乾,100 g,194.0,7.2,38.9,1.1,TFDA
甘藍平均值,100 g,23.0,1.3,4.8,0.1,TFDA
甘藍芽,100 g,33.0,2.7,5.4,0.6,TFDA
甘藷粉,100 g,358.0,1.0,85.5,0.2,TFDA
甘藷葉,100 g,28.0,3.2,4.4,0.3,TFDA
甜柿(進口),100 g,57.0,0.6,15.3,0.1,TFDA
甜柿平均值,100 g,57.0,0.5,15.2,0.1,TFDA
甜核桃,100 g,723.0,14.4,14.7,67.4,TFDA
甜椒(橙皮),100 g,35.0,0.9,7.7,0.3,TFDA
甜椒(紅皮),100 g,33.0,0.8,7.1,0.5,TFDA
甜椒(青皮),100 g,23.0,0.8,4.9,0.3,TFDA
甜椒(黃皮),100 g,28.0,0.8,6.0,0.3,TFDA
甜椒平均值(青皮),100 g,29.0,1.0,5.9,0.4,TFDA
甜橙平均值(普遍系),100 g,46.0,0.8,11.3,0.2,TFDA
甜玉米,100 g,107.0,3.3,17.8,2.5,TFDA
甜瓜平均值(光皮洋香瓜),100 g,30.0,0.9,7.2,0.1,TFDA
甜瓜平均值(東洋系脆瓜),100 g,37.0,1.0,8.9,0.2,TFDA
甜瓜平均值(網紋洋香瓜),100 g,37.0,0.9,9.3,0.0,TFDA
甜蜜桃,100 g,39.0,0.9,9.6,0.2,TFDA
甜蜜蜜鳳梨,100 g,42.0,1.0,10.6,0.1,TFDA
甜豌豆莢,100 g,42.0,3.0,7.4,0.2,TFDA
甜辣醬,100 g,116.0,1.0,28.1,0.0,TFDA
甜酒釀,100 g,163.0,5.0,34.8,0.4,TFDA
甜麵醬,100 g,216.0,4.5,44.0,2.4,TFDA
生啤酒,100 g,50.0,0.4,8.2,0.0,TFDA
生核桃,100 g,667.0,15.4,11.2,67.9,TFDA
番石榴(珍珠拔)(有機),100 g,40.0,0.6,10.4,0.1,TFDA
番鴨,100 g,229.0,18.2,0.0,16.7,TFDA
發芽稉米(台稉71號),100 g,357.0,7.4,73.9,2.8,TFDA
發芽稉米(台稉9號）,100 g,353.0,8.2,74.1,1.9,TFDA
發芽稉米平均值,100 g,355.0,7.8,74.0,2.3,TFDA
白姑魚,100 g,97.0,18.8,0.0,1.8,TFDA
白對蝦(大),100 g,109.0,22.3,0.0,1.5,TFDA
白對蝦(小),100 g,96.0,21.4,0.0,0.5,TFDA
白對蝦(小)(2022年取樣),100 g,93.0,20.3,1.3,0.7,TFDA
白對蝦平均值,100 g,99.0,21.3,0.0,0.9,TFDA
白巧克力風味糖,100 g,562.0,8.6,53.8,34.7,TFDA
白帶魚,100 g,102.0,19.6,0.0,2.0,TFDA
白柚,100 g,37.0,0.6,9.6,0.1,TFDA
白櫻桃,100 g,69.0,0.7,18.4,0.1,TFDA
白毛木耳,100 g,45.0,1.2,10.6,0.1,TFDA
白油桃,100 g,37.0,0.6,9.3,0.1,TFDA
白洋蔥,100 g,42.0,1.0,10.0,0.1,TFDA
白海參,100 g,32.0,7.4,0.0,0.1,TFDA
白玉米,100 g,66.0,3.4,11.5,0.6,TFDA
白皮甘藷,100 g,119.0,1.3,27.5,0.1,TFDA
白皮蛇瓜,100 g,19.0,1.4,3.2,0.3,TFDA
白糯米粉,100 g,360.0,4.5,82.3,0.4,TFDA
白緣星鱠,100 g,101.0,19.9,0.0,1.8,TFDA
白肉鮭魚切片,100 g,151.0,22.6,0.3,6.1,TFDA
白胡椒粉,100 g,342.0,3.7,78.8,1.1,TFDA
白芝麻(熟),100 g,626.0,20.3,15.7,58.7,TFDA
白芝麻(熟)2022年取樣),100 g,601.0,21.7,21.2,52.4,TFDA
白芝麻(生),100 g,598.0,22.3,15.0,54.9,TFDA
白芝麻油,100 g,884.0,0.1,0.0,100.0,TFDA
白芝麻糖,100 g,521.0,8.4,62.9,26.2,TFDA
白芝麻麵包醬,100 g,685.0,20.0,15.3,60.4,TFDA
白茯苓,100 g,316.0,1.0,79.9,0.2,TFDA
白莧菜,100 g,17.0,1.9,2.6,0.3,TFDA
白菜芽,100 g,54.0,2.6,11.5,0.3,TFDA
白葡萄酒,100 g,90.0,0.1,14.2,0.0,TFDA
白蘆筍,100 g,25.0,1.8,4.9,0.2,TFDA
白蘿蔔,100 g,16.0,0.7,3.3,0.1,TFDA
白蘿蔔(長形),100 g,19.0,0.4,4.4,0.1,TFDA
白蘿蔔平均值,100 g,18.0,0.5,3.9,0.1,TFDA
白蠔菇,100 g,33.0,2.2,6.4,0.3,TFDA
白醬,100 g,61.0,1.2,6.8,3.2,TFDA
白饅頭,100 g,248.0,8.1,51.3,1.2,TFDA
白馬頭魚,100 g,91.0,19.2,0.1,1.0,TFDA
白鱸,100 g,76.0,17.7,1.0,0.1,TFDA
白鳳菜,100 g,27.0,2.0,4.8,0.4,TFDA
白鳳豆(台灣),100 g,348.0,27.4,56.4,2.8,TFDA
白鳳豆(進口),100 g,325.0,20.1,60.0,1.3,TFDA
白鳳豆平均值,100 g,337.0,23.8,58.2,2.1,TFDA
百合鱗片,100 g,137.0,3.8,32.3,0.1,TFDA
百頁豆腐,100 g,196.0,13.4,6.3,13.1,TFDA
百香果(台農一號),100 g,102.0,2.0,21.3,2.2,TFDA
百香果汁,100 g,73.0,0.9,18.6,0.4,TFDA
皇宮菜,100 g,22.0,2.2,3.5,0.3,TFDA
皇宮西瓜,100 g,32.0,0.7,8.1,0.1,TFDA
相模後海螯蝦,100 g,79.0,17.9,0.0,0.3,TFDA
真烏賊(大),100 g,61.0,13.9,0.8,0.3,TFDA
真烏賊(小),100 g,53.0,10.5,6.6,0.9,TFDA
真烏賊平均值,100 g,57.0,12.2,3.7,0.6,TFDA
真牡蠣,100 g,49.0,9.0,1.8,1.2,TFDA
真牡蠣平均值,100 g,54.0,9.4,4.2,1.6,TFDA
真鯛(11月),100 g,105.0,20.3,0.0,2.0,TFDA
真鯛(1月),100 g,100.0,20.1,0.7,1.6,TFDA
真鯛(3月),100 g,101.0,20.8,0.7,1.3,TFDA
真鯛(5月),100 g,87.0,20.0,0.0,0.1,TFDA
真鯛(8月),100 g,176.0,20.6,1.7,9.8,TFDA
真鯛(9月),100 g,92.0,21.6,0.0,0.0,TFDA
真鯛平均值(去皮),100 g,110.0,20.6,0.2,2.5,TFDA
眼斑擬石首魚,100 g,95.0,19.7,0.9,1.2,TFDA
眼眶魚,100 g,113.0,20.3,0.2,2.9,TFDA
石狗公,100 g,80.0,18.3,0.0,0.2,TFDA
石蓮花,100 g,11.0,0.4,2.2,0.1,TFDA
砂糖橘,100 g,50.0,0.7,12.6,0.3,TFDA
礁膜,100 g,16.0,0.3,3.7,0.1,TFDA
福壽桃,100 g,47.0,0.9,11.9,0.2,TFDA
福氏鸚哥魚(去皮),100 g,84.0,19.6,0.2,0.0,TFDA
秀珍菇,100 g,28.0,3.3,4.6,0.1,TFDA
秀珍菇罐頭,100 g,30.0,1.7,4.7,0.5,TFDA
秈型糯米(台中糯70號),100 g,361.0,7.9,78.4,0.9,TFDA
秈米(台中在來2號),100 g,355.0,8.2,76.3,1.0,TFDA
秈米(台中秈10號),100 g,358.0,7.4,78.5,0.7,TFDA
秈米(台中秈10號)(2024年取樣),100 g,357.0,6.1,79.8,0.6,TFDA
秈米平均值,100 g,357.0,7.8,77.4,0.9,TFDA
秈米粉,100 g,363.0,4.2,83.4,0.4,TFDA
秋刀魚,100 g,277.0,18.8,4.1,21.8,TFDA
秋香洋香瓜,100 g,34.0,1.0,8.4,0.0,TFDA
秋香蘋果,100 g,45.0,0.3,12.3,0.0,TFDA
稉型糯米,100 g,359.0,8.4,78.0,0.5,TFDA
稉型糯米(台稉糯1號),100 g,358.0,8.2,76.8,1.1,TFDA
稉型糯米平均值,100 g,358.0,8.3,77.4,0.8,TFDA
稉米(台中189號),100 g,356.0,7.5,78.1,0.6,TFDA
稉米(台南11號),100 g,348.0,6.7,77.2,0.5,TFDA
稉米(台稉2號),100 g,357.0,7.2,78.7,0.5,TFDA
稉米(台稉8號),100 g,355.0,6.9,78.8,0.4,TFDA
稉米(台稉9號),100 g,353.0,6.6,78.2,0.6,TFDA
稉米(台農71號),100 g,357.0,7.9,77.8,0.6,TFDA
稉米(高雄139號),100 g,357.0,6.1,78.5,1.2,TFDA
稉米(高雄139號)(2021年取樣),100 g,352.0,5.7,79.2,0.5,TFDA
稉米(高雄142號),100 g,353.0,7.0,77.7,0.6,TFDA
稉米(高雄145號),100 g,364.0,6.8,80.0,1.0,TFDA
稉米平均值,100 g,354.0,7.0,77.8,0.7,TFDA
稜角絲瓜,100 g,20.0,0.9,4.1,0.2,TFDA
章魚,100 g,61.0,13.0,0.9,0.6,TFDA
竹筍包,100 g,209.0,6.9,32.9,5.5,TFDA
竹蟶(冷凍),100 g,42.0,9.0,1.2,0.3,TFDA
筆柿,100 g,69.0,0.6,18.3,0.1,TFDA
筒仔米糕,100 g,246.0,6.6,35.5,8.6,TFDA
米油(秈米),100 g,883.0,0.1,0.0,99.9,TFDA
米油(粳米),100 g,883.0,0.0,0.0,99.9,TFDA
米漿(散裝),100 g,62.0,0.6,13.7,0.5,TFDA
米漿粉,100 g,444.0,9.1,74.3,12.3,TFDA
米粄條,100 g,129.0,1.1,29.2,0.9,TFDA
米粩,100 g,442.0,2.6,76.9,13.7,TFDA
米胚芽,100 g,391.0,17.0,52.9,12.7,TFDA
米苔目,100 g,121.0,0.6,29.6,0.1,TFDA
米豆,100 g,349.0,21.7,62.2,2.4,TFDA
米豆醬,100 g,128.0,7.4,17.9,3.0,TFDA
米醋,100 g,10.0,,2.4,,TFDA
米醋飲料,100 g,52.0,,13.0,,TFDA
粉圓,100 g,346.0,0.2,86.2,0.0,TFDA
粉柿番茄,100 g,18.0,0.8,4.0,0.0,TFDA
粉粿,100 g,65.0,0.0,15.5,0.1,TFDA
粉薑,100 g,28.0,1.0,6.1,0.3,TFDA
粉豆莢,100 g,27.0,1.7,5.0,0.1,TFDA
粿仔條,100 g,193.0,0.5,45.0,1.2,TFDA
糖漬花生仁,100 g,382.0,14.2,28.8,23.3,TFDA
糖漬蓮子,100 g,230.0,5.7,51.4,0.1,TFDA
糖炒栗子,100 g,209.0,4.2,46.3,0.8,TFDA
糖粉,100 g,399.0,0.0,99.3,0.2,TFDA
糖粒甜甜圈(油炸),100 g,401.0,5.3,50.3,19.8,TFDA
糖衣牛奶巧克力,100 g,481.0,4.8,73.6,18.6,TFDA
糖醋醬,100 g,131.0,1.9,25.1,2.6,TFDA
糙秈米,100 g,359.0,7.3,73.6,3.2,TFDA
糙秈米漿,100 g,68.0,0.9,11.4,2.1,TFDA
糙稉米(台稉71號),100 g,360.0,9.0,73.6,2.6,TFDA
糙稉米(台稉9號),100 g,364.0,7.4,76.6,2.3,TFDA
糙稉米平均值,100 g,364.0,7.4,76.6,2.3,TFDA
糙米漿,100 g,71.0,1.3,11.6,2.2,TFDA
糙米粉,100 g,393.0,11.3,78.1,3.2,TFDA
糙米麩,100 g,387.0,7.8,81.4,3.3,TFDA
糙薏仁,100 g,387.0,13.7,65.9,7.4,TFDA
糯小米,100 g,360.0,12.5,72.5,1.5,TFDA
糯玉米,100 g,172.0,4.7,33.4,1.9,TFDA
糯米椒,100 g,28.0,1.2,5.6,0.3,TFDA
糯米漿,100 g,51.0,0.8,10.2,0.8,TFDA
糯米醋,100 g,17.0,0.1,4.1,0.0,TFDA
糯米飯糰,100 g,335.0,5.9,38.3,17.6,TFDA
糯高梁,100 g,362.0,10.7,75.7,1.0,TFDA
紅土帶殼花生(熟),100 g,555.0,31.2,19.5,43.9,TFDA
紅寶石洋香瓜,100 g,39.0,1.2,9.6,0.0,TFDA
紅寶石葡萄柚(古坑),100 g,37.0,0.7,8.9,0.3,TFDA
紅心芭樂,100 g,42.0,0.8,10.7,0.1,TFDA
紅扁豆仁,100 g,343.0,25.3,58.3,2.1,TFDA
紅柑,100 g,42.0,0.8,10.6,0.1,TFDA
紅梗珍珠菜,100 g,37.0,2.6,5.6,1.0,TFDA
紅棗(乾),100 g,227.0,3.2,59.5,0.3,TFDA
紅毛丹,100 g,73.0,1.0,17.9,0.7,TFDA
紅毛苔,100 g,265.0,39.9,36.9,1.9,TFDA
紅海參,100 g,33.0,7.5,0.0,0.1,TFDA
紅甘蔗汁,100 g,76.0,0.5,20.2,0.2,TFDA
"紅甘蔗汁(有機,2023年取樣)",100 g,72.0,0.2,18.8,0.4,TFDA
紅番茄,100 g,20.0,0.9,4.4,0.0,TFDA
紅皮蕉(2004年取樣),100 g,93.0,1.3,24.0,0.3,TFDA
紅皮蕉(2012年取樣),100 g,98.0,1.3,25.5,0.2,TFDA
紅砂糖,100 g,384.0,0.0,99.3,0.5,TFDA
紅糯糙米,100 g,362.0,9.9,72.6,2.8,TFDA
紅肉李(大),100 g,41.0,0.5,10.0,0.3,TFDA
紅肉李(小),100 g,38.0,0.7,9.2,0.3,TFDA
紅肉甘藷,100 g,114.0,1.8,25.4,0.2,TFDA
紅肉鮭魚切片,100 g,158.0,24.3,0.0,6.0,TFDA
紅胡椒粒,100 g,376.0,5.9,59.3,13.7,TFDA
紅色吳郭魚,100 g,108.0,18.3,1.3,3.3,TFDA
紅花籽油,100 g,884.0,0.0,0.0,100.0,TFDA
紅茶(大麥),100 g,34.0,0.0,8.6,,TFDA
紅茶(蘋果),100 g,37.0,0.0,9.2,,TFDA
紅茶沖泡包(檸檬),100 g,398.0,,99.5,,TFDA
紅茶茶湯,100 g,0.0,0.1,0.0,,TFDA
紅莧菜,100 g,22.0,2.6,3.3,0.3,TFDA
紅葉萵苣(荷蘭種）,100 g,16.0,1.4,2.5,0.3,TFDA
紅葡萄酒,100 g,93.0,0.1,14.8,0.0,TFDA
紅蔥頭,100 g,75.0,3.4,16.4,0.3,TFDA
紅藜麥,100 g,379.0,12.1,66.8,6.7,TFDA
紅蘿蔔麵,100 g,352.0,12.1,73.8,1.0,TFDA
紅蝦仁,100 g,43.0,9.5,1.5,0.3,TFDA
紅蟳,100 g,122.0,20.9,6.5,3.6,TFDA
紅豆,100 g,328.0,20.9,61.5,0.6,TFDA
紅豆土司,100 g,319.0,9.2,47.7,10.2,TFDA
紅豆牛奶冰棒,100 g,155.0,3.5,24.3,4.9,TFDA
紅豆球,100 g,351.0,7.1,78.4,1.0,TFDA
紅豆罐頭(糖漬),100 g,233.0,8.0,49.5,0.3,TFDA
紅辣椒平均值,100 g,80.0,3.6,16.4,0.9,TFDA
紅辣椒油,100 g,899.0,0.0,0.1,99.8,TFDA
紅醋,100 g,5.0,0.3,0.8,0.0,TFDA
紅鈴西瓜,100 g,34.0,0.8,8.5,0.1,TFDA
紅雲豆(大紅豆),100 g,328.0,20.2,60.4,1.4,TFDA
紅面番鴨蛋,100 g,198.0,13.1,0.0,15.6,TFDA
紅馬鈴薯(粉紅珍珠馬鈴薯),100 g,66.0,1.6,14.4,0.0,TFDA
紅鳳菜,100 g,22.0,2.1,3.5,0.4,TFDA
紅麴醬,100 g,163.0,4.6,35.0,0.5,TFDA
紅麵線,100 g,307.0,11.3,62.3,1.4,TFDA
紅龍果(白肉),100 g,51.0,0.9,12.4,0.4,TFDA
紅龍果(紅肉),100 g,50.0,1.1,12.3,0.2,TFDA
素沙茶醬,100 g,670.0,7.6,11.4,66.0,TFDA
素肉,100 g,210.0,23.9,6.0,10.1,TFDA
素肉燥,100 g,483.0,12.4,12.5,42.6,TFDA
素食炸醬,100 g,391.0,13.9,4.5,35.3,TFDA
素食烏醋,100 g,42.0,,10.4,,TFDA
素食高湯,100 g,17.0,0.3,4.0,0.0,TFDA
紫山藥,100 g,92.0,2.8,19.6,0.1,TFDA
紫洋蔥,100 g,32.0,0.9,7.3,0.1,TFDA
紫玉米,100 g,168.0,4.5,34.4,1.0,TFDA
紫甘藍芽,100 g,32.0,0.2,6.6,0.7,TFDA
紫米酒釀,100 g,155.0,4.2,33.6,0.4,TFDA
紫色甘藍,100 g,28.0,1.5,5.9,0.2,TFDA
紫色花椰菜,100 g,40.0,3.1,7.6,0.3,TFDA
紫菜,100 g,268.0,28.1,47.9,0.9,TFDA
紫蘇,100 g,71.0,5.5,11.9,1.2,TFDA
細米粉,100 g,355.0,0.4,87.2,0.6,TFDA
結球白菜平均值,100 g,17.0,1.2,2.9,0.3,TFDA
結球萵苣,100 g,13.0,0.7,2.8,0.1,TFDA
絲瓜,100 g,19.0,1.1,3.9,0.1,TFDA
絲瓜花,100 g,31.0,3.9,4.8,0.3,TFDA
綜合堅果穀物沖泡包,100 g,453.0,13.3,65.4,15.4,TFDA
綠櫛瓜,100 g,13.0,2.2,1.8,0.0,TFDA
綠殼菜蛤,100 g,96.0,17.8,2.6,2.2,TFDA
綠殼菜蛤干,100 g,263.0,43.7,23.9,8.5,TFDA
綠番茄,100 g,25.0,0.9,5.4,0.1,TFDA
綠皮蛇瓜,100 g,32.0,1.9,5.6,0.6,TFDA
綠竹筍,100 g,25.0,1.7,4.7,0.2,TFDA
綠胡椒粒,100 g,379.0,11.3,68.4,7.3,TFDA
綠茶,100 g,22.0,0.0,5.4,,TFDA
綠茶茶湯,100 g,0.0,0.1,0.0,,TFDA
綠葡萄平均值,100 g,58.0,0.5,15.3,0.2,TFDA
綠蘆筍,100 g,22.0,1.3,4.5,0.2,TFDA
綠蘆筍(短型),100 g,22.0,3.5,3.0,0.1,TFDA
綠蘆筍(細短型),100 g,23.0,3.3,3.2,0.2,TFDA
綠蘆筍平均值,100 g,22.0,2.7,3.5,0.2,TFDA
綠豆,100 g,344.0,22.8,63.0,1.1,TFDA
綠豆仁,100 g,339.0,24.6,59.6,1.3,TFDA
綠豆凸,100 g,394.0,6.9,55.8,15.9,TFDA
綠豆球,100 g,346.0,6.2,77.9,1.1,TFDA
綠豆粉,100 g,344.0,21.7,62.9,1.5,TFDA
綠豆芽,100 g,24.0,2.3,4.1,0.2,TFDA
維生素C口含錠(檸檬),100 g,399.0,0.2,98.3,0.6,TFDA
維生素強化飲料(綜合),100 g,54.0,0.2,13.4,,TFDA
維生素強化飲料(維生素C),100 g,57.0,,14.3,,TFDA
維生素強化飲料(胡蘿蔔素),100 g,39.0,0.0,9.9,,TFDA
網紋龍占魚,100 g,101.0,21.7,0.0,1.0,TFDA
綿羊肉切片,100 g,198.0,18.8,0.0,13.0,TFDA
綿羊腹脅肉火鍋片,100 g,252.0,16.9,2.5,20.0,TFDA
羅勒片,100 g,289.0,23.3,46.1,5.8,TFDA
羅氏沼蝦,100 g,88.0,20.3,0.2,0.2,TFDA
羊乳片,100 g,410.0,23.4,56.6,10.0,TFDA
羊羹,100 g,289.0,3.0,67.6,0.7,TFDA
羊肉爐醬,100 g,130.0,7.3,8.9,7.2,TFDA
美國五爪蘋果,100 g,51.0,0.2,13.8,0.1,TFDA
美國紅葡萄,100 g,69.0,0.4,17.7,0.4,TFDA
美國紅葡萄(含皮),100 g,61.0,0.4,16.3,0.1,TFDA
美國紫葡萄(含皮),100 g,80.0,0.4,21.9,0.0,TFDA
美國綠葡萄,100 g,64.0,0.5,16.8,0.2,TFDA
美國綠葡萄(含皮),100 g,87.0,0.6,22.7,0.4,TFDA
美國黑葡萄(含皮),100 g,63.0,0.6,16.4,0.2,TFDA
美式咖啡(無糖),100 g,2.0,0.2,0.3,0.1,TFDA
美濃瓜,100 g,37.0,1.1,8.8,0.2,TFDA
義大利茼蒿,100 g,15.0,1.6,1.9,0.4,TFDA
義式乳酪醬,100 g,216.0,8.8,6.9,17.0,TFDA
羽衣甘藍(有機),100 g,35.0,3.0,5.1,0.9,TFDA
翅腿(肉雞),100 g,210.0,17.8,1.0,14.8,TFDA
翠玉白菜,100 g,19.0,1.0,2.8,0.7,TFDA
翠玉青蘋果,100 g,46.0,0.3,12.2,0.1,TFDA
翠玉青蘋果(帶皮),100 g,54.0,0.4,14.1,0.2,TFDA
翡翠李,100 g,48.0,0.7,11.4,0.5,TFDA
翻車魨腹肉,100 g,47.0,10.2,0.7,0.4,TFDA
翻車魨魚皮,100 g,28.0,6.5,0.0,0.0,TFDA
翼豆,100 g,31.0,2.5,4.7,0.4,TFDA
老薑,100 g,53.0,1.1,11.7,0.5,TFDA
聖女小番茄,100 g,34.0,1.1,6.9,0.5,TFDA
聖心芒果,100 g,50.0,0.5,12.9,0.2,TFDA
肉圓,100 g,136.0,3.1,27.3,1.6,TFDA
肉桂粉,100 g,343.0,4.2,78.8,2.9,TFDA
肉燥,100 g,397.0,9.5,4.2,38.1,TFDA
肉粽,100 g,235.0,8.2,30.7,8.8,TFDA
肉羹,100 g,247.0,9.7,18.9,14.7,TFDA
肉雞,100 g,248.0,16.1,0.0,19.9,TFDA
肉鬆麵包,100 g,429.0,8.1,47.6,22.9,TFDA
肯特芒果,100 g,49.0,0.5,12.7,0.2,TFDA
胚芽秈米(台中秈10號),100 g,363.0,8.3,76.1,2.1,TFDA
胚芽稉米(台稉10號）,100 g,360.0,7.3,77.2,1.7,TFDA
胚芽稉米(台稉9號),100 g,363.0,9.1,76.5,1.5,TFDA
胚芽稉米平均值,100 g,362.0,8.2,76.8,1.6,TFDA
胡瓜,100 g,14.0,0.7,2.9,0.1,TFDA
胡蘿蔔,100 g,37.0,1.0,8.5,0.2,TFDA
胡蘿蔔平均值,100 g,39.0,1.1,8.9,0.1,TFDA
胭脂蝦,100 g,114.0,13.8,0.7,6.1,TFDA
脆桃平均值,100 g,44.0,0.9,11.1,0.1,TFDA
脫水甘藍,100 g,341.0,6.9,82.6,0.1,TFDA
脫脂保久濃稠發酵乳(草莓&蘋果),100 g,68.0,3.0,13.6,0.2,TFDA
脫脂保久稀釋發酵乳,100 g,46.0,0.1,11.0,0.1,TFDA
脫脂凝態發酵乳(纖維強化),100 g,84.0,4.1,15.9,0.5,TFDA
脫脂奶粉,100 g,361.0,36.2,51.2,0.9,TFDA
脫脂奶粉(即溶),100 g,360.0,38.0,48.8,1.0,TFDA
脫脂強化奶粉(抗氧化),100 g,366.0,32.3,56.6,1.0,TFDA
脫脂強化奶粉(鈣&維生素A強化),100 g,360.0,38.0,48.8,1.0,TFDA
"脫脂強化奶粉(鈣&維生素C,E強化)",100 g,360.0,32.8,55.4,0.7,TFDA
脫脂強化奶粉(鈣&鐵強化),100 g,360.0,35.6,52.3,0.7,TFDA
脫脂強化鮮乳(寡醣強化),100 g,36.0,3.1,5.2,0.4,TFDA
脫脂強化鮮乳(鈣強化),100 g,42.0,3.5,6.3,0.3,TFDA
脫脂強化鮮乳(鐵強化),100 g,41.0,4.2,5.6,0.2,TFDA
脫脂濃稠發酵乳,100 g,64.0,3.0,12.1,0.4,TFDA
脫脂濃稠發酵乳(低熱量),100 g,37.0,2.0,6.9,0.1,TFDA
脫脂濃稠發酵乳(啤酒酵母),100 g,34.0,2.1,6.4,0.1,TFDA
脫脂濃稠發酵乳(草莓),100 g,68.0,2.3,13.8,0.4,TFDA
脫脂稀釋發酵乳,100 g,68.0,1.1,15.8,0.1,TFDA
脫脂稀釋發酵乳(鈣強化),100 g,72.0,1.0,16.9,0.1,TFDA
腓力牛排,100 g,184.0,20.6,0.1,10.7,TFDA
腰果(生),100 g,568.0,18.3,30.3,45.5,TFDA
膽肝,100 g,252.0,31.2,13.9,7.9,TFDA
臘肉(五花肉),100 g,525.0,18.5,2.4,49.0,TFDA
臘肉(腿肉),100 g,377.0,26.7,6.4,27.2,TFDA
臺灣馬加鰆,100 g,180.0,20.2,0.0,10.4,TFDA
舞菇,100 g,28.0,1.4,5.8,0.1,TFDA
芋仔餅,100 g,354.0,4.6,56.6,12.1,TFDA
芋圓,100 g,214.0,0.9,52.1,0.2,TFDA
芋心甘藷,100 g,122.0,1.1,28.5,0.1,TFDA
芋莖,100 g,20.0,1.1,3.4,0.5,TFDA
芋頭,100 g,128.0,2.5,26.4,1.1,TFDA
芋頭粉,100 g,333.0,0.1,83.1,0.0,TFDA
芋頭饅頭,100 g,155.0,5.7,31.5,0.6,TFDA
芒果乾,100 g,334.0,0.6,90.0,1.0,TFDA
芒果平均值(新興種),100 g,56.0,0.6,14.4,0.2,TFDA
芒果平均值(西洋種),100 g,50.0,0.6,13.0,0.2,TFDA
芒果青,100 g,223.0,0.6,54.2,0.4,TFDA
芝麻糊沖泡包,100 g,458.0,9.3,70.7,15.4,TFDA
芡實,100 g,343.0,9.9,75.4,0.1,TFDA
芥花油,100 g,883.0,0.0,0.0,99.9,TFDA
芥菜,100 g,18.0,1.6,3.2,0.1,TFDA
芥菜平均值,100 g,19.0,1.5,3.5,0.2,TFDA
芥藍芽,100 g,26.0,2.2,4.5,0.3,TFDA
芥藍菜,100 g,20.0,1.7,3.2,0.3,TFDA
芫荽,100 g,26.0,2.3,4.5,0.3,TFDA
芭樂平均值(白肉),100 g,40.0,0.7,10.2,0.1,TFDA
芭樂果乾,100 g,347.0,1.1,85.2,0.2,TFDA
芭樂汁(非原汁),100 g,45.0,0.2,11.0,0.1,TFDA
花尾唇指翁(翁加魚邊),100 g,116.0,19.8,0.6,3.4,TFDA
花捲,100 g,227.0,5.7,47.0,1.9,TFDA
花椒粉,100 g,369.0,10.0,63.2,9.2,TFDA
花椒粒,100 g,359.0,10.3,53.6,12.5,TFDA
花椰菜,100 g,23.0,1.8,4.5,0.1,TFDA
花椰菜乾,100 g,291.0,16.0,62.5,0.6,TFDA
花瓜罐頭,100 g,89.0,2.9,18.8,0.2,TFDA
花生仁湯,100 g,108.0,2.8,12.7,5.1,TFDA
花生油,100 g,883.0,0.0,0.0,99.9,TFDA
花生牛奶巧克力,100 g,489.0,13.0,56.9,23.2,TFDA
花生粉,100 g,516.0,28.5,33.0,33.8,TFDA
花生糖,100 g,562.0,17.9,43.3,35.3,TFDA
花生貢糖,100 g,511.0,13.5,55.0,26.3,TFDA
花生醬,100 g,657.0,24.0,17.9,54.3,TFDA
花生麵筋罐頭,100 g,206.0,11.0,15.5,11.1,TFDA
花胡瓜(有機),100 g,15.0,0.8,3.1,0.1,TFDA
花腹鯖,100 g,138.0,23.9,0.1,4.0,TFDA
花菇,100 g,52.0,3.6,10.7,0.1,TFDA
花蒲瓜(圓形),100 g,15.0,0.3,3.5,0.0,TFDA
花豆,100 g,328.0,21.2,59.0,1.7,TFDA
花豆罐頭(糖漬),100 g,204.0,7.6,43.5,0.0,TFDA
花身副麗魚,100 g,112.0,17.7,1.1,4.1,TFDA
花身鯻,100 g,157.0,19.5,0.0,8.2,TFDA
芹菜,100 g,18.0,0.8,3.8,0.2,TFDA
芹菜(青梗),100 g,12.0,0.8,2.4,0.1,TFDA
芹菜平均值,100 g,15.0,0.8,3.1,0.1,TFDA
苜蓿芽,100 g,20.0,3.2,2.5,0.2,TFDA
苦瓜(白皮),100 g,19.0,0.9,4.1,0.1,TFDA
苦瓜(青皮),100 g,20.0,0.9,4.2,0.1,TFDA
苦茶糖,100 g,396.0,0.1,98.5,0.2,TFDA
茂谷柑,100 g,44.0,0.6,11.5,0.1,TFDA
范氏副葉鰺,100 g,108.0,20.9,2.1,2.1,TFDA
茄汁鯖魚罐頭,100 g,116.0,17.6,2.8,3.8,TFDA
茉莉花茶,100 g,28.0,0.1,7.1,,TFDA
茉莉花茶湯,100 g,0.0,0.1,0.0,,TFDA
茭白筍,100 g,20.0,1.3,4.0,0.2,TFDA
茴香,100 g,24.0,2.2,4.1,0.2,TFDA
茶葉蛋(市售),100 g,147.0,13.5,3.5,8.7,TFDA
茶葉蛋(浸泡隔夜),100 g,143.0,13.8,0.9,9.4,TFDA
茶葉蛋平均值,100 g,145.0,13.7,2.2,9.1,TFDA
茶葉蛋白(浸泡隔夜),100 g,54.0,12.9,0.4,0.1,TFDA
茶葉蛋黃(浸泡隔夜),100 g,344.0,15.7,2.2,30.3,TFDA
茶鵝,100 g,352.0,15.6,0.0,32.6,TFDA
茼蒿,100 g,16.0,1.7,2.2,0.3,TFDA
草對蝦,100 g,100.0,22.0,1.0,0.7,TFDA
草石蠶,100 g,75.0,1.7,18.0,0.0,TFDA
草莓,100 g,39.0,1.0,9.3,0.2,TFDA
草莓果醬,100 g,272.0,0.4,65.0,1.2,TFDA
草菇,100 g,36.0,3.8,5.9,0.3,TFDA
草菇罐頭,100 g,36.0,3.3,5.4,0.1,TFDA
草蝦仁,100 g,44.0,9.7,0.9,0.3,TFDA
草魚(含皮),100 g,91.0,17.2,0.8,2.0,TFDA
草魚切片,100 g,166.0,21.4,2.1,8.3,TFDA
荔枝平均值,100 g,65.0,1.0,16.5,0.2,TFDA
荳蔻粉,100 g,448.0,6.7,50.6,26.2,TFDA
荷包蛋(不加油),100 g,162.0,14.0,1.4,11.2,TFDA
荷包蛋(加油1小匙),100 g,192.0,13.0,1.6,14.9,TFDA
荷葉白菜,100 g,14.0,1.4,2.5,0.1,TFDA
荷蘭豆菜心,100 g,30.0,3.9,3.9,0.6,TFDA
荸薺,100 g,67.0,1.7,14.5,0.1,TFDA
荸薺粉,100 g,365.0,0.4,87.8,0.2,TFDA
莫三比克口孵非鯽,100 g,112.0,19.5,0.0,3.2,TFDA
菊花南瓜,100 g,76.0,3.8,16.8,0.1,TFDA
菊花茶,100 g,30.0,0.0,7.4,,TFDA
菠菜,100 g,18.0,2.2,2.4,0.3,TFDA
菠菜(葉)(有機),100 g,26.0,3.3,3.6,0.4,TFDA
菠菜麵,100 g,356.0,11.8,74.4,1.2,TFDA
菠蘿蜜,100 g,108.0,1.0,28.4,0.2,TFDA
菠蘿麵包,100 g,378.0,9.2,51.5,15.0,TFDA
華寶大西瓜(花蓮),100 g,33.0,0.7,8.4,0.1,TFDA
華翠菇,100 g,29.0,2.5,5.1,0.2,TFDA
菱角(熟),100 g,146.0,4.2,31.0,0.3,TFDA
菱角(生),100 g,76.0,1.9,16.1,0.3,TFDA
菱角仁(生),100 g,118.0,4.1,24.1,0.3,TFDA
菱角牛奶甘藷,100 g,133.0,1.9,29.9,0.3,TFDA
菲律賓簾蛤,100 g,37.0,7.5,4.1,0.5,TFDA
菾菜,100 g,21.0,2.0,3.7,0.1,TFDA
萊姆,100 g,38.0,0.5,7.7,1.0,TFDA
萊姆汁,100 g,34.0,0.3,8.1,0.5,TFDA
萊豆仁(去膜),100 g,137.0,7.4,24.7,1.4,TFDA
萊豆仁(帶膜),100 g,112.0,7.8,20.1,0.4,TFDA
落葵,100 g,33.0,2.7,6.0,0.3,TFDA
葉唇笛鯛,100 g,118.0,19.9,0.0,3.7,TFDA
葛仙米藻,100 g,24.0,1.3,5.2,0.0,TFDA
葡萄乾,100 g,306.0,3.2,78.7,1.5,TFDA
葡萄乾奶酥麵包,100 g,306.0,8.4,50.4,7.9,TFDA
葡萄果醬,100 g,261.0,0.0,60.9,1.9,TFDA
葡萄柚汁(非原汁),100 g,41.0,0.2,9.7,0.2,TFDA
葡萄籽油,100 g,884.0,0.0,0.0,100.0,TFDA
葫蘆瓜,100 g,20.0,0.5,4.1,0.3,TFDA
葵扇白菜,100 g,14.0,1.6,2.4,0.1,TFDA
葵花籽油,100 g,884.0,0.0,0.0,100.0,TFDA
葵花籽油(多種維生素強化),100 g,883.0,0.0,0.0,99.9,TFDA
葵花芽,100 g,26.0,2.5,4.3,0.4,TFDA
蒜味甘扁桃仁,100 g,648.0,23.3,18.0,53.6,TFDA
蒜味豆豉醬,100 g,270.0,9.5,19.7,17.0,TFDA
蒜粉,100 g,332.0,18.1,71.9,0.4,TFDA
蒜苗,100 g,54.0,2.2,12.0,0.1,TFDA
蒜蓉醬,100 g,282.0,4.2,21.2,20.0,TFDA
蒜頭酥,100 g,452.0,11.7,61.2,17.8,TFDA
蒟蒻粉,100 g,351.0,0.2,87.2,0.2,TFDA
蒟蒻香腸(蒜味),100 g,289.0,19.4,19.3,14.9,TFDA
蒲瓜(圓形),100 g,18.0,0.6,4.0,0.1,TFDA
蒲瓜(長形),100 g,19.0,0.5,4.2,0.1,TFDA
蒲瓜平均值,100 g,18.0,0.5,4.0,0.1,TFDA
蒸肉粉(五香),100 g,350.0,10.3,74.8,1.1,TFDA
蒸蛋(市售),100 g,32.0,3.6,3.4,1.8,TFDA
蒸蛋(微波爐),100 g,82.0,6.4,1.8,6.0,TFDA
蒸蛋(電鍋),100 g,80.0,5.8,1.3,6.0,TFDA
蒸蛋平均值,100 g,64.0,5.3,2.2,4.6,TFDA
蓮子,100 g,141.0,9.3,25.6,0.5,TFDA
蓮子(乾),100 g,334.0,21.8,60.9,1.2,TFDA
蓮花芒果,100 g,47.0,0.4,12.2,0.2,TFDA
蓮藕,100 g,65.0,2.0,13.5,0.2,TFDA
蓮藕粉,100 g,365.0,0.1,88.3,0.1,TFDA
蓮藕糖,100 g,395.0,0.2,97.8,0.4,TFDA
蓮霧(紅寶石),100 g,33.0,0.3,8.1,0.3,TFDA
蓮霧(黑珍珠),100 g,51.0,0.3,13.0,0.4,TFDA
蓮霧(黑金剛),100 g,34.0,0.5,8.8,0.1,TFDA
蓮霧平均值(粉紅色種),100 g,39.0,0.4,10.0,0.3,TFDA
蔓越莓汁(非原汁),100 g,45.0,0.9,10.0,0.1,TFDA
蔘鬚,100 g,330.0,7.0,76.2,1.8,TFDA
蔥油餅,100 g,305.0,8.3,46.9,9.3,TFDA
蔥醬,100 g,149.0,2.2,19.5,6.8,TFDA
蕃茄汁(非原汁),100 g,22.0,0.7,4.4,0.2,TFDA
蕃茄義大利麵醬,100 g,70.0,3.2,8.9,2.5,TFDA
蕃茄醬,100 g,114.0,1.6,26.7,0.1,TFDA
蕃薯餅,100 g,331.0,3.9,54.9,10.6,TFDA
蕎麥(甜蕎),100 g,361.0,11.0,71.3,2.9,TFDA
蕎麥芽,100 g,20.0,1.9,3.4,0.2,TFDA
蕎麥麵(乾),100 g,349.0,12.7,70.6,1.7,TFDA
蕎麥麵(濕),100 g,153.0,6.3,28.6,1.5,TFDA
蕹菜(土植)(10月取樣),100 g,17.0,1.8,2.6,0.3,TFDA
蕹菜(土植)(1月取樣),100 g,22.0,2.0,3.5,0.3,TFDA
蕹菜(土植)(4月取樣),100 g,20.0,1.7,3.5,0.2,TFDA
蕹菜(土植)(7月取樣),100 g,17.0,1.9,2.8,0.1,TFDA
蕹菜(有機)(10月取樣),100 g,19.0,1.7,3.0,0.4,TFDA
蕹菜(有機)(4月取樣),100 g,26.0,1.9,4.7,0.3,TFDA
蕹菜(水耕)(10月取樣),100 g,23.0,2.2,3.8,0.3,TFDA
蕹菜(水耕)(1月取樣),100 g,27.0,2.7,4.5,0.3,TFDA
蕹菜(水耕)(4月取樣),100 g,24.0,2.2,4.3,0.1,TFDA
蕹菜(水耕)(7月取樣),100 g,17.0,1.9,2.7,0.2,TFDA
蕺菜,100 g,46.0,3.2,7.7,0.9,TFDA
薄荷,100 g,55.0,3.1,10.9,0.6,TFDA
薄鹽醬油(低鈉),100 g,77.0,7.4,11.9,,TFDA
薄鹽醬油(低鈉高鉀),100 g,56.0,6.5,7.6,,TFDA
薄鹽黑豆醬油膏,100 g,124.0,7.6,23.3,0.1,TFDA
薏仁,100 g,378.0,14.1,66.2,6.1,TFDA
薏仁粉,100 g,395.0,10.9,80.0,3.5,TFDA
薏仁醋,100 g,13.0,,3.3,,TFDA
薏仁醬油,100 g,83.0,9.3,11.5,,TFDA
薑母茶,100 g,28.0,,7.0,,TFDA
薑粉,100 g,333.0,10.4,70.5,3.6,TFDA
薑糖,100 g,359.0,0.3,84.0,2.5,TFDA
薑茶沖泡包,100 g,399.0,0.3,98.7,0.3,TFDA
薑蓉醬,100 g,65.0,1.0,9.4,2.6,TFDA
薑黃粉,100 g,358.0,14.6,69.0,2.7,TFDA
薔薇項鰭魚(去皮),100 g,96.0,17.3,0.0,2.4,TFDA
薔薇項鰭魚(含皮),100 g,93.0,17.9,0.0,1.8,TFDA
薤,100 g,11.0,0.5,1.9,0.2,TFDA
藍圓鰺,100 g,114.0,24.0,0.0,1.3,TFDA
藍寶石洋香瓜,100 g,34.0,1.1,8.2,0.0,TFDA
藍對蝦,100 g,95.0,20.9,0.0,0.6,TFDA
藍莓(台灣),100 g,53.0,0.5,13.6,0.3,TFDA
藍豬齒魚,100 g,81.0,18.5,0.2,0.2,TFDA
藍點鸚哥魚,100 g,86.0,20.1,0.6,0.1,TFDA
藤三七,100 g,21.0,1.6,3.2,0.5,TFDA
蘆筍花,100 g,21.0,2.9,2.7,0.3,TFDA
蘆薈,100 g,4.0,0.1,0.2,0.4,TFDA
蘆薈露飲料,100 g,44.0,0.0,10.9,,TFDA
蘇打餅乾(蔬菜),100 g,512.0,7.8,64.5,24.7,TFDA
蘋果平均值(混色),100 g,51.0,0.2,13.9,0.1,TFDA
蘋果平均值(青皮),100 g,50.0,0.3,13.1,0.2,TFDA
蘋果汁(100%),100 g,51.0,0.1,12.2,0.2,TFDA
蘋果汁(非原汁),100 g,47.0,0.1,10.9,0.4,TFDA
蘑菇醬,100 g,58.0,1.5,7.7,2.4,TFDA
蘿美萵苣,100 g,13.0,1.0,2.3,0.2,TFDA
蘿蔔乾,100 g,58.0,2.2,10.8,1.2,TFDA
蘿蔔芽,100 g,24.0,2.1,3.9,0.4,TFDA
蘿蔔葉,100 g,14.0,1.7,2.0,0.2,TFDA
蘿蔔酥,100 g,427.0,7.5,52.3,20.9,TFDA
虎皮蛙,100 g,94.0,21.1,0.6,0.4,TFDA
虱目魚(12月),100 g,192.0,21.4,0.1,11.2,TFDA
虱目魚(2022年取樣),100 g,243.0,20.1,1.4,17.4,TFDA
虱目魚(2月),100 g,180.0,19.8,1.3,10.6,TFDA
虱目魚(5月),100 g,189.0,22.3,0.0,10.4,TFDA
虱目魚(8月),100 g,124.0,23.7,0.5,2.6,TFDA
虱目魚(9月),100 g,208.0,22.0,0.0,12.7,TFDA
虱目魚(含皮),100 g,200.0,21.8,0.0,11.9,TFDA
虱目魚平均值(去皮),100 g,179.0,21.8,0.2,9.5,TFDA
虱目魚腹肉(虱目魚肚),100 g,342.0,17.4,0.0,29.6,TFDA
蚵仔煎,100 g,192.0,4.9,19.7,10.4,TFDA
蚵仔白菜(2022年取樣),100 g,13.0,1.4,1.8,0.3,TFDA
蛇肉,100 g,85.0,19.0,0.0,0.4,TFDA
蛋塔,100 g,376.0,4.1,41.1,21.7,TFDA
蛋塔(葡式),100 g,375.0,3.7,31.9,25.8,TFDA
蛋捲(芝麻),100 g,549.0,6.8,55.5,33.3,TFDA
蛋蕉(2023年取樣),100 g,87.0,1.1,23.3,0.0,TFDA
蛋酥花生仁,100 g,606.0,21.1,31.8,43.8,TFDA
蛋黃果,100 g,106.0,1.4,27.3,0.3,TFDA
蛋黃芋頭酥,100 g,217.0,3.1,44.2,3.0,TFDA
蛋黃酥,100 g,461.0,11.4,44.5,26.4,TFDA
蛙形蟹,100 g,72.0,16.6,2.8,0.1,TFDA
蜂蜜(冬蜜),100 g,315.0,0.1,81.5,0.1,TFDA
蜂蜜(春蜜),100 g,308.0,0.2,79.6,0.2,TFDA
蜂蜜蛋糕(原味),100 g,346.0,6.5,47.4,14.5,TFDA
蜂蜜蛋糕(巧克力),100 g,341.0,6.9,43.1,15.6,TFDA
蜂蜜蛋糕(起司),100 g,352.0,7.4,39.9,18.1,TFDA
蜜世界洋香瓜,100 g,29.0,0.7,7.1,0.1,TFDA
蜜棗(圓形),100 g,44.0,0.9,11.0,0.1,TFDA
蜜棗(長形),100 g,43.0,1.2,10.4,0.2,TFDA
蜜棗平均值(大),100 g,43.0,1.1,10.7,0.1,TFDA
蜜棗李(進口),100 g,53.0,0.6,13.6,0.2,TFDA
蜜汁松子仁,100 g,697.0,14.9,19.0,62.4,TFDA
蜜汁腰果,100 g,600.0,17.6,34.3,43.6,TFDA
蜜糖甜甜圈(波/摩堤),100 g,396.0,2.0,50.6,20.7,TFDA
蝦夷海扇蛤,100 g,70.0,13.7,2.3,1.2,TFDA
蝦油,100 g,56.0,7.4,6.4,0.1,TFDA
蝦皮,100 g,155.0,33.6,2.7,1.3,TFDA
蝦米,100 g,264.0,57.1,0.0,2.2,TFDA
蝦醬,100 g,99.0,19.6,1.3,1.7,TFDA
蝸牛肉,100 g,78.0,16.7,0.0,0.7,TFDA
螳螂蝦,100 g,67.0,14.7,0.0,0.5,TFDA
蟠桃,100 g,45.0,0.9,11.3,0.2,TFDA
蟹腳肉,100 g,53.0,11.6,1.2,0.3,TFDA
蠑螺(加工),100 g,105.0,14.8,11.0,0.2,TFDA
蠔油,100 g,156.0,6.5,32.2,0.1,TFDA
蠔菇,100 g,26.0,2.1,4.8,0.3,TFDA
血斑異大眼鯛,100 g,93.0,20.6,0.0,0.6,TFDA
衛生油麵,100 g,163.0,5.5,31.2,1.8,TFDA
裙帶菜,100 g,58.0,5.0,11.6,0.0,TFDA
褐臭肚魚,100 g,164.0,19.9,0.6,8.8,TFDA
西施舌,100 g,53.0,8.9,5.4,1.6,TFDA
西施蜜柚,100 g,40.0,0.8,10.1,0.2,TFDA
西洋梨(紅皮),100 g,53.0,0.3,13.9,0.2,TFDA
西洋梨(青皮),100 g,62.0,0.3,16.5,0.2,TFDA
西洋梨(黃皮),100 g,44.0,0.2,11.8,0.1,TFDA
西洋梨平均值,100 g,53.0,0.3,14.1,0.2,TFDA
西洋芹菜,100 g,11.0,0.4,2.2,0.2,TFDA
西洋芹菜片,100 g,315.0,24.4,49.9,6.8,TFDA
西瓜平均值(紅肉小瓜),100 g,33.0,0.8,8.0,0.1,TFDA
西瓜平均值(黃肉小瓜),100 g,29.0,0.7,7.3,0.0,TFDA
西瓜汁(非原汁),100 g,30.0,1.1,6.1,0.1,TFDA
西谷米,100 g,360.0,0.1,89.7,0.1,TFDA
角椒,100 g,22.0,0.9,4.7,0.2,TFDA
試交二號小番茄,100 g,30.0,0.7,7.2,0.0,TFDA
調合植物油,100 g,887.0,0.0,0.0,100.3,TFDA
調合芝麻油,100 g,884.0,0.1,0.0,100.0,TFDA
調合花生油,100 g,884.0,0.0,0.0,100.0,TFDA
調味南瓜子(去殼),100 g,607.0,30.4,13.5,47.9,TFDA
調味南瓜子(帶殼),100 g,607.0,25.9,19.5,47.2,TFDA
豆干丁(五香),100 g,383.0,35.4,19.6,18.1,TFDA
豆干片(沙茶),100 g,464.0,16.2,36.4,28.2,TFDA
豆干絲,100 g,170.0,18.3,4.8,8.6,TFDA
豆棗,100 g,420.0,11.7,50.0,19.2,TFDA
豆漿,100 g,60.0,3.2,9.0,1.3,TFDA
豆漿(無糖),100 g,35.0,3.6,0.7,1.9,TFDA
豆漿優酪乳,100 g,70.0,2.0,12.9,1.2,TFDA
豆漿粉,100 g,434.0,37.4,32.5,17.1,TFDA
豆瓣菜,100 g,21.0,2.2,3.2,0.3,TFDA
豆瓣醬,100 g,178.0,14.2,12.2,8.1,TFDA
豆腐皮,100 g,209.0,25.3,2.4,11.0,TFDA
豆花(花生),100 g,60.0,2.0,10.9,0.9,TFDA
豆薯,100 g,31.0,0.7,6.8,0.1,TFDA
豆豉,100 g,237.0,20.4,12.8,11.5,TFDA
豆酥,100 g,540.0,30.1,19.2,38.1,TFDA
豆酥醬,100 g,671.0,12.2,10.4,64.5,TFDA
豇豆(莢),100 g,35.0,2.4,6.2,0.1,TFDA
豌豆仁,100 g,123.0,9.2,21.7,0.4,TFDA
豌豆仁罐頭,100 g,126.0,7.2,22.1,0.9,TFDA
豌豆芽,100 g,25.0,4.0,2.9,0.4,TFDA
豌豆苗,100 g,31.0,3.7,4.4,0.5,TFDA
豌豆莢,100 g,41.0,2.9,7.1,0.2,TFDA
豐水梨,100 g,36.0,0.5,9.4,0.1,TFDA
象牙鳳螺,100 g,78.0,16.9,3.6,0.7,TFDA
豬上肩肉,100 g,207.0,18.9,0.0,14.0,TFDA
豬下肩瘦肉,100 g,131.0,20.1,0.0,5.0,TFDA
豬下肩肉,100 g,200.0,18.1,0.0,13.6,TFDA
豬前腳,100 g,252.0,21.9,0.0,17.6,TFDA
豬前腿外腱肉,100 g,146.0,20.7,0.0,6.5,TFDA
豬去皮腹脇肉,100 g,360.0,14.9,0.5,32.9,TFDA
豬大排,100 g,214.0,19.1,0.0,14.7,TFDA
豬大腸,100 g,198.0,6.6,1.9,18.9,TFDA
豬大里肌,100 g,212.0,19.2,0.0,14.4,TFDA
豬大骨湯,100 g,7.0,1.0,0.4,0.3,TFDA
豬小排,100 g,287.0,18.0,0.0,23.3,TFDA
豬小腸,100 g,156.0,12.5,0.6,11.4,TFDA
豬小里肌,100 g,139.0,21.1,0.0,5.4,TFDA
豬尾,100 g,295.0,16.2,7.1,25.0,TFDA
豬帶皮腹脇肉,100 g,368.0,14.5,0.0,33.9,TFDA
豬後腳,100 g,253.0,19.5,0.0,18.8,TFDA
豬後腿外腱肉,100 g,184.0,19.0,0.8,11.4,TFDA
豬後腿瘦肉,100 g,120.0,21.1,0.3,3.4,TFDA
豬後腿肉,100 g,123.0,20.4,0.4,4.0,TFDA
豬心,100 g,128.0,13.6,1.0,7.8,TFDA
豬油,100 g,890.0,0.0,0.0,99.7,TFDA
豬油(2022年取樣),100 g,892.0,0.0,0.0,99.9,TFDA
豬油渣,100 g,837.0,17.4,0.0,84.5,TFDA
豬白管,100 g,93.0,14.1,0.0,3.6,TFDA
豬皮,100 g,491.0,22.1,0.0,44.0,TFDA
豬空腸,100 g,186.0,10.9,8.6,15.4,TFDA
豬絞肉(70％瘦肉率),100 g,218.0,19.0,0.0,15.2,TFDA
豬絞肉(90％瘦肉率),100 g,205.0,18.5,0.0,14.0,TFDA
豬絞肉平均值,100 g,212.0,18.7,0.0,14.6,TFDA
豬耳,100 g,219.0,24.2,0.9,12.8,TFDA
豬肉脯,100 g,441.0,33.4,20.3,25.1,TFDA
豬肉酥,100 g,513.0,33.0,31.6,28.3,TFDA
豬肉鍋貼,100 g,238.0,7.8,26.2,11.3,TFDA
豬肉餡餅,100 g,327.0,6.2,23.1,23.3,TFDA
豬肋骨湯,100 g,9.0,0.7,0.0,0.6,TFDA
豬肚,100 g,152.0,12.4,0.0,11.0,TFDA
豬肝,100 g,137.0,20.8,1.7,5.3,TFDA
豬肝連,100 g,220.0,14.6,0.0,17.5,TFDA
豬肩胛排,100 g,191.0,17.9,0.0,12.7,TFDA
豬肩胛排(2021年取樣),100 g,244.0,17.8,0.0,18.7,TFDA
豬肩胛肉,100 g,295.0,16.5,0.0,24.8,TFDA
豬肩骨湯,100 g,8.0,1.1,0.2,0.4,TFDA
豬脾臟,100 g,79.0,15.0,2.0,1.6,TFDA
豬腎,100 g,82.0,15.0,1.7,1.9,TFDA
豬腦,100 g,125.0,10.8,0.0,8.7,TFDA
豬腳凍,100 g,145.0,16.6,2.0,7.8,TFDA
豬腳筋,100 g,72.0,14.4,0.0,1.1,TFDA
豬腹脇排,100 g,267.0,18.7,0.0,20.7,TFDA
豬舌,100 g,185.0,18.5,0.0,11.8,TFDA
豬血,100 g,29.0,6.3,0.5,0.3,TFDA
豬血糕,100 g,194.0,8.6,37.8,0.9,TFDA
豬蹄膀,100 g,331.0,17.1,0.0,28.6,TFDA
豬軟骨,100 g,332.0,15.6,0.0,29.4,TFDA
豬頰肉,100 g,182.0,17.5,1.4,11.9,TFDA
豬頰肉(2022年取樣),100 g,157.0,18.9,2.1,8.4,TFDA
豬頸肉,100 g,284.0,17.2,0.8,23.3,TFDA
豬骨湯平均值,100 g,8.0,0.9,0.0,0.4,TFDA
赤鰭笛鯛,100 g,88.0,20.4,0.0,0.1,TFDA
起酥片,100 g,404.0,6.7,33.8,26.9,TFDA
越光米,100 g,340.0,7.6,73.3,1.0,TFDA
越光米(台南16號)(2024年取樣),100 g,356.0,6.9,79.1,0.3,TFDA
越瓜,100 g,18.0,0.6,4.1,0.1,TFDA
車輪餅(紅豆),100 g,187.0,2.1,42.3,1.1,TFDA
車輪餅(菜脯),100 g,183.0,1.4,31.6,5.7,TFDA
軟翅仔,100 g,70.0,14.7,0.8,0.8,TFDA
辣椒粉,100 g,387.0,14.7,59.1,14.1,TFDA
辣椒醬,100 g,83.0,2.6,11.5,2.9,TFDA
辣蒜蓉醬,100 g,78.0,2.3,7.8,4.2,TFDA
辣豆瓣醬,100 g,100.0,4.5,13.1,3.3,TFDA
迷你竹筍白菜,100 g,19.0,1.3,3.8,0.1,TFDA
迷迭香粉,100 g,432.0,5.9,59.8,21.9,TFDA
通心麵,100 g,359.0,13.8,72.6,1.4,TFDA
速食乾麵麻醬包,100 g,676.0,13.2,11.8,64.0,TFDA
運動飲料,100 g,28.0,0.1,7.0,,TFDA
過溝菜蕨,100 g,27.0,3.1,3.2,0.8,TFDA
部份脫脂低乳糖奶粉,100 g,416.0,34.6,45.6,10.4,TFDA
部份脫脂奶粉,100 g,420.0,32.8,46.1,11.6,TFDA
部份脫脂奶粉(即溶),100 g,445.0,23.7,51.6,16.4,TFDA
部份脫脂強化奶粉(纖維&DHA強化),100 g,476.0,23.2,47.3,22.1,TFDA
部份脫脂強化奶粉(纖維&鈣強化),100 g,375.0,35.9,48.9,3.7,TFDA
部份脫脂強化奶粉(脂肪酸調整),100 g,481.0,22.7,45.9,23.5,TFDA
部份脫脂強化奶粉(鈣強化),100 g,408.0,25.0,51.0,11.8,TFDA
部份脫脂調味奶粉(巧克力),100 g,406.0,14.1,71.9,6.9,TFDA
部份脫脂調味奶粉(果汁),100 g,435.0,19.8,61.4,12.3,TFDA
酒杯菇,100 g,50.0,4.6,9.0,0.3,TFDA
酪梨(室溫存放0天),100 g,80.0,1.5,7.1,5.9,TFDA
酪梨(室溫存放3天),100 g,84.0,1.4,6.3,6.8,TFDA
酪梨(室溫存放6天),100 g,92.0,1.5,6.6,7.6,TFDA
酪梨(綠皮),100 g,65.0,1.6,7.9,3.7,TFDA
酵母粉,100 g,347.0,46.3,40.4,0.0,TFDA
酵母菌咀嚼錠,100 g,391.0,23.6,61.4,5.6,TFDA
酸甘藍菜,100 g,24.0,1.4,4.2,0.2,TFDA
酸菜,100 g,19.0,0.8,3.2,0.3,TFDA
醃漬冬瓜,100 g,28.0,2.5,4.1,0.2,TFDA
醃漬花生仁,100 g,288.0,10.6,2.9,26.0,TFDA
醃漬花胡瓜,100 g,89.0,3.0,18.1,0.5,TFDA
醃漬越瓜,100 g,18.0,1.1,3.1,0.2,TFDA
醃漬香菇,100 g,56.0,3.0,10.6,0.1,TFDA
醃漬鮭魚卵,100 g,218.0,24.9,6.7,10.2,TFDA
醃燻豬肝,100 g,167.0,26.8,4.2,4.7,TFDA
醃辣椒,100 g,53.0,1.9,10.6,0.3,TFDA
醬油,100 g,90.0,7.8,14.7,,TFDA
醬油膏,100 g,103.0,6.8,19.0,,TFDA
醬油西瓜子,100 g,547.0,29.5,22.5,37.7,TFDA
醬肘子,100 g,134.0,19.0,0.0,6.6,TFDA
釋迦,100 g,104.0,2.2,26.6,0.1,TFDA
里肌肉(土雞),100 g,112.0,24.8,0.0,0.6,TFDA
里肌肉(肉雞),100 g,106.0,23.7,0.0,0.6,TFDA
里肌肉平均值,100 g,109.0,24.2,0.0,0.6,TFDA
野生紅米,100 g,360.0,7.7,74.7,2.6,TFDA
野苦瓜,100 g,30.0,1.7,5.3,0.6,TFDA
野苦瓜嫩梢,100 g,77.0,5.7,12.2,1.7,TFDA
野莧菜,100 g,41.0,6.3,4.9,0.6,TFDA
金冠蘋果,100 g,49.0,0.4,13.0,0.1,TFDA
金喜菇,100 g,39.0,2.7,7.7,0.2,TFDA
金女小番茄,100 g,30.0,1.1,6.6,0.1,TFDA
金時甘藷,100 g,138.0,1.6,31.3,0.4,TFDA
金桔醬,100 g,84.0,0.5,19.5,0.4,TFDA
金煌芒果,100 g,52.0,0.8,13.0,0.2,TFDA
金線魚,100 g,119.0,20.9,0.0,3.3,TFDA
金興芒果,100 g,41.0,0.6,10.6,0.1,TFDA
金蘭西瓜,100 g,24.0,0.6,6.0,0.0,TFDA
金蜜芒果,100 g,64.0,0.6,16.3,0.4,TFDA
金針菇,100 g,37.0,2.6,7.2,0.3,TFDA
金針菇罐頭,100 g,27.0,1.7,4.5,0.2,TFDA
金針菜,100 g,40.0,2.4,7.4,0.5,TFDA
金針菜乾,100 g,307.0,14.3,65.4,1.8,TFDA
金針菜嫩莖,100 g,24.0,0.7,5.3,0.2,TFDA
金鉤蝦乾,100 g,257.0,54.6,0.0,2.6,TFDA
金錢魚,100 g,196.0,19.3,0.0,12.6,TFDA
金鑽鳳梨,100 g,50.0,0.5,13.2,0.1,TFDA
金門黃麵,100 g,158.0,6.4,31.9,0.5,TFDA
金香葡萄(含皮),100 g,60.0,0.6,16.0,0.1,TFDA
金鱗魚,100 g,85.0,19.5,1.3,0.2,TFDA
金黃奇異果,100 g,59.0,0.8,15.0,0.3,TFDA
銀杏果,100 g,142.0,4.1,28.9,1.2,TFDA
銀耳,100 g,31.0,1.1,7.2,0.0,TFDA
銀耳罐頭,100 g,49.0,0.1,12.0,0.1,TFDA
銀魚,100 g,69.0,14.3,0.9,0.9,TFDA
銀鯧(12月),100 g,126.0,19.1,0.2,5.0,TFDA
銀鯧(2月),100 g,123.0,17.9,0.0,5.1,TFDA
銀鯧(3月),100 g,120.0,17.6,0.7,5.0,TFDA
銀鯧(5月),100 g,105.0,16.4,0.0,3.9,TFDA
銀鯧(8月),100 g,101.0,17.7,1.6,2.9,TFDA
銀鯧(含皮),100 g,124.0,16.8,1.1,5.8,TFDA
銀鯧平均值(去皮),100 g,115.0,17.7,0.2,4.4,TFDA
銅鑼燒,100 g,332.0,3.4,57.2,9.9,TFDA
鋸尾鯛,100 g,93.0,19.0,0.3,1.4,TFDA
鍋燒意麵,100 g,479.0,10.0,58.5,22.8,TFDA
鍋燒麵,100 g,120.0,4.5,24.6,0.4,TFDA
長果金柑,100 g,56.0,1.0,14.1,0.2,TFDA
長茄子,100 g,25.0,1.2,5.3,0.2,TFDA
長辣椒(紅皮),100 g,48.0,2.4,9.3,0.7,TFDA
長辣椒(青皮),100 g,49.0,1.9,10.3,0.4,TFDA
長體油胡瓜魚,100 g,104.0,15.0,0.0,4.4,TFDA
長鰭鰤魚,100 g,114.0,22.8,2.7,1.9,TFDA
長麵線,100 g,310.0,10.7,64.3,1.1,TFDA
開心果,100 g,601.0,22.4,20.1,52.7,TFDA
開英種1號鳳梨,100 g,56.0,0.6,14.5,0.2,TFDA
阿根廷魷,100 g,71.0,12.4,0.4,2.0,TFDA
阿部牙鯛,100 g,124.0,18.9,0.0,4.8,TFDA
陳年紹興酒,100 g,133.0,1.8,19.1,0.0,TFDA
陳皮,100 g,349.0,6.9,74.8,2.4,TFDA
隆脊管鞭蝦,100 g,96.0,22.1,0.6,0.2,TFDA
隼人瓜,100 g,23.0,0.7,5.2,0.1,TFDA
隼人瓜(2023年取樣),100 g,22.0,0.7,4.5,0.2,TFDA
隼人瓜苗,100 g,24.0,3.3,3.5,0.2,TFDA
雙帶鰺,100 g,118.0,22.6,0.0,2.4,TFDA
雙線鬚鰨,100 g,92.0,19.9,0.3,0.8,TFDA
雙胞胎麵包,100 g,341.0,8.4,59.6,7.7,TFDA
雙色水果玉米,100 g,105.0,3.1,17.5,2.6,TFDA
雙髻鯊,100 g,117.0,27.4,0.0,0.1,TFDA
雙髻鯊腹肉,100 g,110.0,25.8,0.0,0.0,TFDA
雜糧中筋麵粉,100 g,361.0,13.1,72.0,2.3,TFDA
雜糧高筋麵粉,100 g,360.0,14.3,69.6,2.8,TFDA
雞尾椎,100 g,452.0,9.0,0.1,45.9,TFDA
雞心(肉雞),100 g,190.0,13.3,0.1,14.8,TFDA
雞心(肉雞)(2021年取樣),100 g,204.0,14.4,1.2,15.8,TFDA
雞排(土雞),100 g,158.0,18.9,0.0,8.6,TFDA
雞排(肉雞),100 g,208.0,15.3,0.0,15.8,TFDA
雞排(肉雞)(2021年取樣),100 g,251.0,14.9,0.0,20.8,TFDA
雞排平均值,100 g,183.0,17.1,0.0,12.2,TFDA
雞水波蛋,100 g,147.0,11.6,0.8,10.7,TFDA
雞水煮蛋,100 g,144.0,14.0,1.7,9.2,TFDA
雞水煮蛋白,100 g,61.0,13.6,1.5,0.2,TFDA
雞水煮蛋黃,100 g,343.0,15.5,2.9,30.5,TFDA
雞油,100 g,891.0,0.0,0.0,99.8,TFDA
雞滷蛋(市售),100 g,191.0,15.7,6.4,11.4,TFDA
雞滷蛋(浸泡隔夜),100 g,182.0,16.9,4.4,10.8,TFDA
雞滷蛋(現煮),100 g,178.0,16.6,3.1,11.1,TFDA
雞滷蛋白(浸泡隔夜),100 g,89.0,16.7,5.2,0.2,TFDA
雞滷蛋白(現煮),100 g,84.0,16.6,3.9,0.2,TFDA
雞滷蛋黃(浸泡隔夜),100 g,382.0,17.4,2.6,33.6,TFDA
雞滷蛋黃(現煮),100 g,376.0,16.6,1.3,33.8,TFDA
雞皮(肉雞),100 g,442.0,11.7,0.0,43.4,TFDA
雞皮蛋,100 g,142.0,12.8,3.6,8.5,TFDA
雞皮蛋平均值,100 g,134.0,12.5,3.0,8.1,TFDA
雞睪丸,100 g,71.0,10.6,0.2,2.8,TFDA
雞精,100 g,34.0,8.6,0.0,0.0,TFDA
雞絞肉,100 g,131.0,27.4,0.0,1.6,TFDA
雞絲麵,100 g,463.0,9.4,55.0,22.8,TFDA
雞肉酥,100 g,451.0,26.7,53.2,14.6,TFDA
雞肉香腸(大),100 g,283.0,22.4,11.8,16.3,TFDA
雞肉香腸(小),100 g,459.0,13.9,15.9,37.7,TFDA
雞肝(肉雞),100 g,111.0,18.8,2.7,3.5,TFDA
雞胗(肉雞),100 g,89.0,16.6,0.3,2.0,TFDA
雞胸骨湯,100 g,9.0,1.5,0.2,0.3,TFDA
雞腳(肉雞),100 g,209.0,20.7,1.2,13.3,TFDA
雞腿菇,100 g,36.0,2.1,7.5,0.1,TFDA
雞腿菇(乾),100 g,298.0,20.1,59.8,1.4,TFDA
雞膝軟骨(肉雞),100 g,107.0,20.4,0.5,2.2,TFDA
雞蛋(白殼),100 g,139.0,12.9,1.3,9.2,TFDA
雞蛋(高DHA),100 g,132.0,12.5,1.8,8.6,TFDA
雞蛋(高亞麻油酸),100 g,133.0,13.0,0.8,8.4,TFDA
雞蛋(高次亞麻油酸),100 g,139.0,12.4,2.8,9.4,TFDA
雞蛋(高維生素A&E),100 g,134.0,12.1,0.0,9.0,TFDA
雞蛋(高維生素E),100 g,143.0,12.8,1.4,9.7,TFDA
雞蛋(黃殼),100 g,132.0,12.5,2.0,8.6,TFDA
雞蛋平均值,100 g,135.0,12.7,1.6,8.9,TFDA
雞蛋白(白殼),100 g,48.0,10.7,0.0,0.1,TFDA
雞蛋白(黃殼),100 g,52.0,11.6,1.2,0.2,TFDA
雞蛋白平均值,100 g,50.0,11.2,0.5,0.1,TFDA
雞蛋豆漿,100 g,56.0,1.9,9.2,1.3,TFDA
雞蛋豆腐,100 g,79.0,6.9,2.7,4.6,TFDA
雞蛋麵,100 g,358.0,12.5,74.8,0.9,TFDA
雞蛋黃(白殼),100 g,330.0,16.0,1.6,28.9,TFDA
雞蛋黃(高維生素E),100 g,314.0,16.2,5.4,27.0,TFDA
雞蛋黃(黃殼),100 g,286.0,14.5,5.6,24.7,TFDA
雞蛋黃平均值,100 g,308.0,15.2,3.6,26.8,TFDA
雞鐵蛋,100 g,288.0,26.6,5.9,17.5,TFDA
雪白菇,100 g,31.0,2.2,6.4,0.0,TFDA
雪白菇(長),100 g,36.0,2.1,6.9,0.4,TFDA
雪螺,100 g,40.0,8.9,0.0,0.3,TFDA
雪裡蕻,100 g,20.0,1.5,3.8,0.2,TFDA
雪餅,100 g,487.0,5.8,72.3,19.4,TFDA
零食泡麵,100 g,484.0,11.3,61.3,21.5,TFDA
青仁黑豆,100 g,385.0,37.0,33.7,14.2,TFDA
青嘴龍占魚,100 g,128.0,22.7,0.0,3.4,TFDA
青星九刺鮨,100 g,83.0,19.3,0.5,0.1,TFDA
青星九刺鮨平均值,100 g,94.0,20.9,0.0,0.5,TFDA
青星九刺鮨魚片,100 g,104.0,22.6,0.0,0.8,TFDA
青木瓜,100 g,29.0,0.6,7.2,0.1,TFDA
青梅(胭脂梅),100 g,35.0,0.5,8.8,0.1,TFDA
青江菜(土植)(10月取樣),100 g,18.0,1.7,3.4,0.1,TFDA
青江菜(土植)(1月取樣),100 g,10.0,1.3,1.6,0.0,TFDA
青江菜(土植)(3月取樣),100 g,13.0,1.2,2.2,0.1,TFDA
青江菜(土植)(4月取樣),100 g,11.0,1.0,1.8,0.1,TFDA
青江菜(土植)(7月取樣),100 g,15.0,1.5,2.5,0.1,TFDA
青江菜(有機)(10月取樣),100 g,15.0,1.6,2.7,0.1,TFDA
青江菜(有機)(1月取樣),100 g,10.0,1.5,1.5,0.0,TFDA
青江菜(有機)(4月取樣),100 g,15.0,1.4,2.5,0.2,TFDA
青江菜(有機)(7月取樣),100 g,21.0,1.9,3.5,0.2,TFDA
青江菜(水耕)(10月取樣),100 g,11.0,1.4,1.4,0.2,TFDA
青江菜(水耕)(1月取樣),100 g,12.0,1.2,2.4,0.0,TFDA
青江菜(水耕)(4月取樣),100 g,14.0,1.4,2.4,0.2,TFDA
青江菜(水耕)(7月取樣),100 g,14.0,1.7,2.2,0.1,TFDA
青皮葡萄柚,100 g,33.0,0.8,8.3,0.1,TFDA
青花菜(1999年取樣),100 g,28.0,3.7,4.4,0.2,TFDA
青花菜(2021年取樣),100 g,38.0,3.4,6.5,0.4,TFDA
青花菜筍,100 g,32.0,3.0,5.1,0.5,TFDA
青花菜芽,100 g,35.0,2.8,4.9,1.0,TFDA
青葙,100 g,50.0,2.5,7.7,1.6,TFDA
青蒜,100 g,33.0,2.1,6.4,0.3,TFDA
青蔥(有機),100 g,31.0,1.1,6.8,0.2,TFDA
青蔥平均值,100 g,31.0,1.3,6.6,0.2,TFDA
青蘿蔔,100 g,33.0,1.8,7.0,0.1,TFDA
青辣椒平均值,100 g,33.0,1.3,6.9,0.3,TFDA
青醬,100 g,83.0,0.9,7.7,5.4,TFDA
青龍蘋果,100 g,54.0,0.3,14.0,0.3,TFDA
鞍帶石斑魚片,100 g,155.0,19.1,0.2,8.2,TFDA
韓式泡菜,100 g,35.0,2.0,5.8,0.4,TFDA
韭花醬,100 g,29.0,2.1,4.5,0.3,TFDA
韭菜盒子,100 g,217.0,7.5,19.5,12.1,TFDA
韮菜,100 g,23.0,1.9,3.9,0.4,TFDA
韮菜花,100 g,28.0,1.8,5.6,0.2,TFDA
韮黃,100 g,16.0,1.5,2.9,0.1,TFDA
食茱萸,100 g,127.0,11.9,23.8,0.3,TFDA
餐包,100 g,365.0,7.2,50.5,14.9,TFDA
餘甘子,100 g,43.0,0.3,10.8,0.3,TFDA
餛飩皮,100 g,271.0,8.3,58.2,0.5,TFDA
香吉士(進口),100 g,47.0,0.7,11.4,0.5,TFDA
香椿醬,100 g,507.0,8.1,2.3,51.7,TFDA
香樁,100 g,99.0,4.3,19.4,1.5,TFDA
香水李,100 g,36.0,0.7,8.8,0.3,TFDA
香水芒果,100 g,65.0,0.6,17.1,0.2,TFDA
香油,100 g,883.0,,0.0,99.9,TFDA
香瓜茄,100 g,26.0,0.4,6.2,0.1,TFDA
香筍鮪魚罐頭,100 g,261.0,10.0,0.9,24.1,TFDA
香腸,100 g,354.0,17.0,12.3,26.3,TFDA
香腸(蒜味),100 g,387.0,16.6,17.7,27.8,TFDA
香芋冬瓜,100 g,9.0,0.4,2.0,0.0,TFDA
香芫荽,100 g,23.0,2.4,3.9,0.2,TFDA
香草冰淇淋,100 g,182.0,2.5,22.6,9.1,TFDA
香菇(大),100 g,37.0,3.0,7.1,0.2,TFDA
香菇(小),100 g,26.0,2.4,4.9,0.1,TFDA
香菇平均值,100 g,39.0,3.0,7.6,0.1,TFDA
香菇麵筋罐頭,100 g,192.0,10.7,14.9,10.0,TFDA
香華洋香瓜,100 g,30.0,0.7,7.7,0.0,TFDA
香螺,100 g,86.0,19.9,0.0,0.1,TFDA
香醋,100 g,3.0,,0.7,,TFDA
香魚,100 g,147.0,18.5,0.0,7.5,TFDA
香魚片,100 g,307.0,36.1,39.1,0.7,TFDA
馬拉巴笛鯛,100 g,86.0,20.2,0.0,0.0,TFDA
馬鈴薯,100 g,77.0,2.6,15.8,0.2,TFDA
馬鈴薯(2022年取樣),100 g,70.0,2.3,14.9,0.0,TFDA
馬鈴薯粉,100 g,346.0,0.1,83.8,0.1,TFDA
馬齒莧,100 g,14.0,1.2,1.9,0.4,TFDA
駝背鱸,100 g,83.0,18.1,0.0,0.6,TFDA
骨腿(土雞),100 g,130.0,21.7,0.0,4.1,TFDA
骨腿(肉雞),100 g,196.0,14.4,1.7,14.9,TFDA
骨腿平均值,100 g,163.0,18.0,0.2,9.5,TFDA
高山大豌豆莢,100 g,49.0,2.4,9.9,0.0,TFDA
高山甜椒(青皮),100 g,30.0,0.9,6.0,0.6,TFDA
高梁,100 g,372.0,11.0,73.6,3.0,TFDA
高梁醋,100 g,27.0,,6.8,,TFDA
高油酸棕櫚油,100 g,883.0,0.0,0.0,99.9,TFDA
高油酸紅花籽油,100 g,880.0,0.0,0.4,99.6,TFDA
高油酸葵花籽油,100 g,883.0,0.0,0.0,99.9,TFDA
高油酸豬油,100 g,893.0,0.0,0.0,100.0,TFDA
高湯(豬大骨),100 g,49.0,4.2,6.6,0.7,TFDA
高湯塊(排骨),100 g,363.0,12.5,24.5,23.9,TFDA
高湯塊(雞肉),100 g,340.0,14.7,14.5,24.8,TFDA
高牆桶柑,100 g,45.0,0.8,11.8,0.0,TFDA
高筋麵粉,100 g,362.0,12.9,73.1,1.2,TFDA
高筋麵粉(2021年取樣),100 g,362.0,13.8,72.2,1.3,TFDA
高纖米,100 g,363.0,8.3,75.2,2.5,TFDA
高纖胚芽冬粉,100 g,364.0,0.6,90.0,0.2,TFDA
高脂保久乳,100 g,71.0,3.1,3.4,5.1,TFDA
高脂凝態發酵乳(纖維強化),100 g,95.0,3.2,11.9,3.8,TFDA
高脂強化鮮乳(寡醣強化),100 g,69.0,3.2,5.1,4.1,TFDA
高脂強化鮮乳(鈣強化),100 g,68.0,3.2,5.2,3.9,TFDA
高脂鮮乳,100 g,73.0,3.2,6.1,4.0,TFDA
高脂鮮羊乳,100 g,65.0,3.4,4.2,4.0,TFDA
高鮮味精,100 g,269.0,45.0,22.3,,TFDA
高麗馬加鰆,100 g,119.0,19.4,0.3,4.0,TFDA
髮菜,100 g,302.0,10.3,69.5,0.5,TFDA
鬆餅,100 g,257.0,3.2,55.1,2.6,TFDA
鬍鯰,100 g,194.0,16.3,0.0,13.8,TFDA
鬚赤蝦,100 g,92.0,20.7,0.6,0.4,TFDA
鬚赤蝦仁,100 g,80.0,17.1,0.0,0.7,TFDA
鬼頭刀,100 g,107.0,21.8,0.0,1.5,TFDA
鬼頭刀魚片,100 g,78.0,17.2,0.0,0.5,TFDA
魚板,100 g,128.0,10.0,17.6,2.0,TFDA
魚漿(旗魚),100 g,110.0,16.8,7.8,1.3,TFDA
魚翅唇,100 g,47.0,9.9,0.0,0.6,TFDA
魚肉脯,100 g,104.0,21.9,0.2,1.7,TFDA
魚肉鬆,100 g,470.0,28.2,43.8,20.2,TFDA
魚酥,100 g,564.0,8.3,50.3,36.6,TFDA
魚露,100 g,64.0,10.2,5.3,0.2,TFDA
魟魚,100 g,106.0,24.8,0.0,0.1,TFDA
魩仔魚,100 g,56.0,11.1,0.0,0.9,TFDA
魩仔魚(加工),100 g,105.0,23.0,0.0,0.8,TFDA
"魩仔魚(加工,大)",100 g,97.0,20.7,1.1,1.0,TFDA
"魩仔魚(加工,小)",100 g,151.0,31.8,0.9,1.7,TFDA
魩仔魚平均值(加工),100 g,124.0,26.2,1.0,1.3,TFDA
鮑魚,100 g,69.0,15.8,9.5,0.1,TFDA
鮑魚菇,100 g,22.0,1.7,4.0,0.2,TFDA
鮟鱇,100 g,68.0,14.9,0.6,0.5,TFDA
鮟鱇魚肝,100 g,136.0,13.6,1.9,8.6,TFDA
鮪魚生魚片,100 g,100.0,23.3,0.0,0.1,TFDA
鮪魚肚,100 g,106.0,23.4,0.0,0.7,TFDA
鮭魚鬆,100 g,452.0,29.0,35.3,21.6,TFDA
鮮味露,100 g,75.0,20.1,0.0,0.1,TFDA
鮮奶可可,100 g,80.0,2.1,11.6,2.7,TFDA
鮮奶布丁,100 g,110.0,3.0,13.1,5.1,TFDA
鮮奶茶(無糖),100 g,27.0,2.0,1.4,1.4,TFDA
鮮雞精,100 g,267.0,10.8,33.3,10.1,TFDA
鮸,100 g,104.0,23.3,0.0,0.5,TFDA
鮸魚卵(加工),100 g,184.0,21.9,3.6,10.1,TFDA
鯉,100 g,91.0,14.5,2.1,3.2,TFDA
鯊魚切片,100 g,106.0,24.8,0.0,0.0,TFDA
鯊魚煙,100 g,68.0,22.3,0.0,0.4,TFDA
鯊魚皮,100 g,54.0,12.4,0.0,0.2,TFDA
鯊魚翅,100 g,186.0,43.5,0.0,0.0,TFDA
"鯔(11月,雄魚)",100 g,129.0,21.3,0.0,4.2,TFDA
"鯔(11月,雌魚)",100 g,141.0,21.5,0.0,5.5,TFDA
"鯔(12月,雄魚)",100 g,137.0,21.1,0.9,5.2,TFDA
"鯔(12月,雌魚)",100 g,149.0,21.8,0.2,6.2,TFDA
鯔(2月),100 g,137.0,20.4,1.6,5.5,TFDA
鯔(4月),100 g,133.0,20.4,0.9,5.0,TFDA
鯔(8月),100 g,224.0,17.3,0.0,16.7,TFDA
鯔(含皮),100 g,155.0,20.6,0.0,7.4,TFDA
鯔切片,100 g,170.0,21.2,0.0,8.8,TFDA
鯔平均值(去皮),100 g,152.0,20.6,0.3,7.1,TFDA
鯔魚卵,100 g,256.0,26.3,3.2,15.9,TFDA
鯔魚卵(加工),100 g,297.0,36.6,18.7,8.5,TFDA
鯔魚卵(加工)(2022年取樣),100 g,431.0,38.9,4.4,28.7,TFDA
鯔魚精囊,100 g,89.0,17.3,0.0,1.7,TFDA
鯖魚(炒),100 g,410.0,16.7,0.1,37.6,TFDA
鯖魚(炸),100 g,555.0,17.2,0.1,53.4,TFDA
"鯖魚(烤,150度,10分)",100 g,412.0,16.5,0.0,37.8,TFDA
"鯖魚(烤,150度,20分)",100 g,396.0,19.1,0.0,34.8,TFDA
"鯖魚(烤,150度,30分)",100 g,536.0,19.9,0.0,50.0,TFDA
"鯖魚(烤,180度,10分)",100 g,373.0,20.2,0.0,31.8,TFDA
"鯖魚(烤,210度,10分)",100 g,472.0,19.0,0.0,43.4,TFDA
鯖魚(煎),100 g,403.0,20.0,0.0,35.9,TFDA
鯖魚(煮),100 g,375.0,14.9,0.4,34.5,TFDA
鯖魚(生),100 g,417.0,14.4,0.2,39.4,TFDA
鯖魚(蒸),100 g,392.0,14.6,0.7,36.5,TFDA
鯖魚(醃製),100 g,281.0,14.9,1.3,24.0,TFDA
鯖魚(醃製)(2022年取樣),100 g,296.0,17.0,9.8,21.0,TFDA
鯖魚肉脯,100 g,685.0,33.8,1.5,60.4,TFDA
鯛魚下巴,100 g,245.0,16.1,0.0,19.6,TFDA
鰆魚卵,100 g,193.0,23.5,0.2,10.2,TFDA
鰈魚切片,100 g,201.0,13.2,0.0,16.1,TFDA
鰹魚卵,100 g,184.0,21.5,0.6,10.2,TFDA
鰹魚粉,100 g,240.0,21.9,35.8,1.0,TFDA
鱅,100 g,145.0,18.7,0.0,7.2,TFDA
鱖,100 g,89.0,17.7,0.0,1.5,TFDA
鱗網帶鰆(含皮),100 g,263.0,18.0,0.0,20.7,TFDA
鱗網帶鰆切片,100 g,272.0,17.3,0.0,22.0,TFDA
鱗馬鞭魚,100 g,84.0,18.5,0.0,0.5,TFDA
鱗鰭叫姑魚,100 g,99.0,18.4,0.3,2.3,TFDA
鱷形叉尾鶴鱵,100 g,98.0,22.4,0.2,0.3,TFDA
鳳光西瓜,100 g,27.0,0.7,6.5,0.2,TFDA
鳳尾藻,100 g,213.0,11.7,43.9,1.3,TFDA
鳳尾蝦仁,100 g,64.0,13.4,0.3,0.8,TFDA
鳳梨平均值(雜交種),100 g,53.0,0.7,13.6,0.1,TFDA
鳳梨果乾,100 g,348.0,2.0,84.6,0.3,TFDA
鳳梨汁(非原汁),100 g,48.0,0.3,11.3,0.2,TFDA
鳳梨酥,100 g,484.0,4.2,62.0,24.4,TFDA
鳳梨釋迦,100 g,102.0,1.5,26.0,0.4,TFDA
鳳眼糕,100 g,379.0,3.8,89.0,0.8,TFDA
鴕腩肉,100 g,144.0,21.2,0.7,5.9,TFDA
鴕腱肉,100 g,107.0,18.7,0.2,3.1,TFDA
鴕鳥沙朗肉排,100 g,97.0,20.9,6.1,0.8,TFDA
鴕鳥菲力肉排,100 g,105.0,22.8,0.8,0.8,TFDA
鴨熟鹹蛋,100 g,183.0,13.7,0.8,13.8,TFDA
鴨熟鹹蛋(薄鹽),100 g,194.0,13.7,3.5,13.8,TFDA
鴨生鹹蛋,100 g,178.0,12.5,0.0,14.7,TFDA
鴨皮蛋,100 g,164.0,12.8,2.7,11.4,TFDA
鴨翅,100 g,170.0,22.8,0.0,8.1,TFDA
鴨胗,100 g,97.0,20.5,0.3,1.1,TFDA
鴨腸,100 g,94.0,13.8,0.0,3.9,TFDA
鴨腿,100 g,282.0,14.4,3.4,24.5,TFDA
鴨舌,100 g,187.0,16.0,0.0,13.2,TFDA
鴨蛋,100 g,187.0,13.1,0.2,14.4,TFDA
鴨蛋白,100 g,47.0,10.8,1.4,0.0,TFDA
鴨蛋黃,100 g,347.0,15.8,2.0,30.8,TFDA
鴨血,100 g,29.0,6.0,0.0,0.3,TFDA
鴨血糕,100 g,193.0,6.7,39.1,1.1,TFDA
鴨賞,100 g,304.0,31.1,5.3,17.6,TFDA
鴨頭,100 g,199.0,16.5,0.0,14.3,TFDA
鴨鹹蛋平均值,100 g,185.0,13.3,1.1,14.1,TFDA
鴨鹹蛋黃,100 g,528.0,23.6,1.3,47.6,TFDA
鴻喜菇,100 g,30.0,2.9,5.3,0.1,TFDA
鴿蛋,100 g,96.0,10.2,2.5,5.7,TFDA
鵝心,100 g,241.0,14.5,0.0,19.9,TFDA
鵝肉,100 g,187.0,15.6,2.4,13.4,TFDA
鵝肝,100 g,123.0,20.5,0.6,3.9,TFDA
鵝胗,100 g,95.0,17.4,2.8,2.3,TFDA
鵝胸肉,100 g,120.0,23.5,0.2,2.2,TFDA
鵝腸,100 g,63.0,9.2,0.7,2.6,TFDA
鵝腿肉,100 g,130.0,21.7,0.0,4.2,TFDA
鵝蛋,100 g,179.0,10.0,3.2,15.0,TFDA
鵪鶉水煮蛋,100 g,163.0,12.3,0.0,12.1,TFDA
鵪鶉滷蛋,100 g,238.0,16.2,11.1,14.3,TFDA
鵪鶉皮蛋,100 g,160.0,13.8,1.8,10.9,TFDA
鵪鶉蛋,100 g,172.0,12.7,1.2,13.0,TFDA
鵪鶉鐵蛋,100 g,439.0,28.8,20.4,26.9,TFDA
鵪鶉鹹蛋,100 g,173.0,13.7,1.9,12.3,TFDA
鵲豆莢,100 g,31.0,2.4,5.1,0.3,TFDA
鶯哥桃,100 g,42.0,1.0,10.5,0.2,TFDA
鷹嘴豆,100 g,364.0,19.4,61.0,5.8,TFDA
鹹小卷,100 g,100.0,20.1,1.9,1.3,TFDA
鹹豆漿,100 g,37.0,3.5,1.7,1.8,TFDA
鹹麻糬,100 g,248.0,8.7,43.2,4.5,TFDA
鹼粽,100 g,131.0,2.1,26.8,1.7,TFDA
鹽漬小鱗脂眼鯡(鹹馧仔),100 g,224.0,17.4,0.3,17.0,TFDA
鹽酥夏威夷豆,100 g,773.0,9.4,12.0,76.3,TFDA
鹽酥帶殼花生(熟),100 g,568.0,28.2,28.1,38.1,TFDA
鹽酥花生仁,100 g,557.0,28.8,29.6,35.9,TFDA
鹽酥葵瓜子(帶殼),100 g,619.0,25.9,17.8,49.3,TFDA
鹽酥蠶豆,100 g,481.0,26.9,46.3,20.9,TFDA
麒麟菜,100 g,41.0,1.0,9.9,0.0,TFDA
麥奇鈎吻鮭(去皮),100 g,160.0,20.9,0.0,7.8,TFDA
麥奇鈎吻鮭(含皮),100 g,147.0,20.1,0.4,6.8,TFDA
麥片沖泡包(三合一),100 g,409.0,11.0,74.3,7.5,TFDA
麥芽糖,100 g,325.0,,84.1,,TFDA
麥茶,100 g,18.0,,4.4,,TFDA
麵包果,100 g,61.0,1.0,11.2,1.8,TFDA
麵包粉,100 g,370.0,14.4,74.6,1.5,TFDA
麵筋(未調味),100 g,643.0,42.5,0.0,53.0,TFDA
麵線,100 g,350.0,11.7,72.4,1.5,TFDA
麵腸(未調味),100 g,138.0,20.6,9.7,1.9,TFDA
麵茶粉,100 g,423.0,7.2,82.9,7.0,TFDA
麻婆醬,100 g,190.0,2.9,23.1,9.5,TFDA
麻油辣腐乳,100 g,107.0,9.0,4.8,5.8,TFDA
麻竹筍,100 g,22.0,1.4,4.4,0.1,TFDA
麻竹筍干,100 g,400.0,,100.0,,TFDA
麻醬,100 g,643.0,20.8,21.3,52.8,TFDA
黃仁黑豆,100 g,253.0,20.6,40.3,2.1,TFDA
黃姑魚,100 g,89.0,19.4,0.0,0.7,TFDA
黃布丁,100 g,110.0,2.3,17.3,3.5,TFDA
黃擬烏尾鮗,100 g,80.0,18.7,0.3,0.1,TFDA
黃櫛瓜,100 g,15.0,1.5,2.7,0.1,TFDA
黃洋蔥,100 g,42.0,1.0,9.5,0.2,TFDA
黃番茄,100 g,23.0,0.9,5.3,0.0,TFDA
黃皮葡萄柚,100 g,37.0,0.7,9.2,0.2,TFDA
黃皮葡萄柚(進口),100 g,38.0,0.7,9.7,0.1,TFDA
黃秋葵,100 g,36.0,2.1,7.5,0.1,TFDA
黃耆水,100 g,14.0,0.9,2.9,0.0,TFDA
黃耆片,100 g,321.0,14.9,68.7,1.6,TFDA
黃肉李,100 g,35.0,0.4,8.9,0.2,TFDA
黃肉甘藷,100 g,121.0,1.3,27.8,0.2,TFDA
黃胡蘿蔔,100 g,42.0,1.1,9.4,0.3,TFDA
黃芥茉醬,100 g,74.0,4.1,6.2,3.7,TFDA
黃豆,100 g,389.0,35.6,33.0,15.7,TFDA
黃豆粉,100 g,401.0,37.4,32.2,16.7,TFDA
黃豆粉(有機),100 g,434.0,42.0,25.9,21.9,TFDA
黃豆胚芽,100 g,169.0,16.6,16.4,5.4,TFDA
黃豆芽,100 g,47.0,5.3,5.0,1.6,TFDA
"黃豆芽(有機,2023年取樣)",100 g,41.0,5.1,5.0,1.0,TFDA
黃金小蕃茄,100 g,31.0,0.8,6.8,0.2,TFDA
黃金果,100 g,44.0,0.9,11.0,0.2,TFDA
黃金泡菜,100 g,111.0,2.4,12.5,5.7,TFDA
黃金聖女小番茄,100 g,31.0,1.0,7.0,0.1,TFDA
黃金菾菜,100 g,18.0,2.4,2.6,0.2,TFDA
黃香瓜,100 g,30.0,0.6,7.5,0.2,TFDA
黃鰭棘鯛,100 g,136.0,19.2,0.6,6.0,TFDA
黃鱔,100 g,88.0,17.6,1.0,1.4,TFDA
黑䱛,100 g,149.0,17.9,1.2,8.0,TFDA
黑巧克力(85%),100 g,613.0,10.9,38.7,46.1,TFDA
黑斑海緋鯉,100 g,97.0,18.8,0.0,1.8,TFDA
黑李,100 g,57.0,0.7,14.7,0.2,TFDA
黑柿番茄,100 g,23.0,0.4,5.6,0.1,TFDA
黑棗(乾),100 g,230.0,2.7,60.9,0.2,TFDA
黑棗茶,100 g,46.0,0.0,11.6,,TFDA
黑棘鯛(去皮),100 g,136.0,20.3,0.6,5.5,TFDA
黑棘鯛(含皮),100 g,165.0,19.5,0.0,9.0,TFDA
黑森林蛋糕,100 g,277.0,4.2,25.0,17.8,TFDA
黑烏參,100 g,29.0,6.5,0.0,0.1,TFDA
黑砂糖,100 g,369.0,0.5,95.3,0.7,TFDA
黑秈糙米,100 g,363.0,7.5,74.0,3.5,TFDA
黑秈糯糙米,100 g,357.0,10.1,70.1,3.5,TFDA
黑糖蜜,100 g,280.0,0.2,72.4,0.0,TFDA
黑糖饅頭,100 g,235.0,6.8,50.0,0.9,TFDA
黑糯米漿,100 g,50.0,0.4,11.6,0.2,TFDA
黑美人葡萄(含皮),100 g,66.0,0.5,17.4,0.1,TFDA
黑美人西瓜,100 g,36.0,0.9,9.1,0.1,TFDA
黑胡椒粉,100 g,372.0,11.6,67.7,6.7,TFDA
黑胡椒醬,100 g,117.0,2.5,25.5,0.5,TFDA
黑芝麻(熟),100 g,599.0,17.3,20.6,54.4,TFDA
黑芝麻(熟)(2022年取樣),100 g,591.0,20.7,21.1,51.8,TFDA
黑芝麻(生),100 g,551.0,22.2,17.6,48.1,TFDA
黑芝麻油,100 g,881.0,0.1,0.2,99.7,TFDA
黑芝麻粉,100 g,601.0,15.7,20.8,55.2,TFDA
黑芝麻糖,100 g,536.0,8.5,57.0,30.4,TFDA
黑芝麻麵包醬,100 g,667.0,10.6,27.0,57.4,TFDA
黑葉仔荔枝,100 g,62.0,0.9,15.8,0.2,TFDA
黑葉白菜(短梗),100 g,15.0,1.3,2.9,0.0,TFDA
黑豆干,100 g,197.0,19.0,2.1,12.5,TFDA
黑豆油膏,100 g,146.0,7.8,28.6,0.1,TFDA
黑豆漿,100 g,39.0,1.1,7.4,0.6,TFDA
黑豆粉,100 g,431.0,36.0,39.0,17.6,TFDA
黑豆胚芽,100 g,185.0,16.1,15.9,7.7,TFDA
黑豆芽,100 g,52.0,6.6,6.4,1.1,TFDA
黑豆茶,100 g,13.0,,3.2,,TFDA
黑豆醬油,100 g,114.0,7.5,20.6,0.2,TFDA
黑金剛花生(生),100 g,553.0,27.6,16.6,46.6,TFDA
黑香芒果,100 g,66.0,0.8,16.9,0.3,TFDA
黑麥汁,100 g,52.0,0.3,12.6,0.0,TFDA
黑麥片,100 g,359.0,7.8,77.3,1.2,TFDA
黑齒牡蠣,100 g,55.0,9.7,3.1,1.5,TFDA
龍延草,100 g,79.0,3.9,12.7,2.3,TFDA
龍眼,100 g,72.0,1.1,18.0,0.4,TFDA
龍眼乾,100 g,276.0,5.1,70.9,0.5,TFDA
龍葵,100 g,26.0,3.8,3.4,0.3,TFDA
龍虎石斑魚,100 g,122.0,20.6,1.2,3.8,TFDA
龍蝦卵(調味),100 g,64.0,6.7,5.2,1.8,TFDA
龍骨瓣莕菜,100 g,17.0,1.1,3.1,0.3,TFDA
龜苓茶,100 g,33.0,0.0,8.3,0.0,TFDA
白飯,100 g,183.0,3.1,41.0,0.3,TFDA